gameid,playouts,playerindex,wondername,boardGold,CIVIL,MILITARY,SCIENCE,TRADE,GUILD,WONDER,GOLD
69,10,0,AlexandriaB,25,28,10,1,5,0,0,8
69,10,2,EphesosB,12,2,14,17,0,0,10,4
69,10,1,RhodosB,1,21,-6,8,1,0,0,0
38,10,2,RhodosB,5,16,11,13,0,0,7,1
38,10,1,AlexandriaA,8,18,2,10,0,4,10,2
38,10,0,EphesosB,11,17,-1,13,2,0,0,3
54,10,0,EphesosB,30,11,-1,10,3,5,10,10
54,10,2,GizahA,2,14,15,16,0,0,3,0
54,10,1,RhodosA,9,26,2,0,0,0,10,3
140,20,0,AlexandriaB,27,10,18,5,10,0,0,9
140,20,1,RhodosA,8,20,2,4,0,0,10,2
140,20,2,EphesosA,4,25,-4,1,0,2,10,1
77,10,2,AlexandriaA,3,23,12,1,0,6,10,1
77,10,1,RhodosB,5,21,10,5,0,5,0,1
77,10,0,EphesosA,7,6,-4,13,2,13,0,2
39,10,0,EphesosB,17,14,2,13,6,8,0,5
39,10,1,RhodosA,4,10,15,2,3,0,10,1
39,10,2,GizahB,4,26,1,4,0,0,8,1
15,10,2,GizahA,8,10,12,5,2,0,15,2
15,10,0,EphesosB,6,15,4,16,0,4,0,2
15,10,1,AlexandriaA,10,21,0,2,0,4,10,3
78,10,1,GizahA,5,23,10,4,0,0,15,1
78,10,2,AlexandriaB,1,15,12,2,2,5,7,0
78,10,0,RhodosA,17,5,-4,21,1,6,3,5
16,10,0,RhodosB,13,10,9,10,2,7,0,4
16,10,2,GizahB,5,24,-4,4,0,6,8,1
16,10,1,EphesosB,7,6,11,13,0,0,2,2
55,10,2,EphesosA,9,19,11,13,0,0,3,3
55,10,1,AlexandriaA,4,15,10,5,0,0,10,1
55,10,0,RhodosB,16,17,-3,2,8,0,0,5
163,20,2,GizahA,4,21,14,10,0,6,8,1
163,20,1,EphesosB,6,26,0,0,0,10,10,2
163,20,0,RhodosA,14,4,2,13,3,5,3,4
226,40,0,RhodosB,20,14,18,2,1,0,3,6
226,40,1,EphesosB,13,21,-6,10,2,0,10,4
226,40,2,AlexandriaB,4,20,6,4,0,4,0,1
141,20,0,RhodosB,14,6,5,31,0,5,0,4
141,20,2,GizahA,1,10,14,1,0,12,8,0
141,20,1,EphesosA,10,29,-5,4,1,0,10,3
17,10,0,RhodosB,23,14,12,13,4,0,3,7
17,10,1,EphesosB,4,20,-5,18,0,4,10,1
17,10,2,AlexandriaB,3,17,11,1,0,3,7,1
40,10,2,AlexandriaB,2,15,13,16,0,0,7,0
40,10,1,RhodosB,17,9,7,13,0,0,7,5
40,10,0,GizahB,11,14,-4,4,2,8,0,3
70,10,0,GizahB,9,11,12,16,0,8,0,3
70,10,1,RhodosA,9,12,11,1,4,6,3,3
70,10,2,AlexandriaA,4,20,-5,8,2,2,10,1
79,10,0,GizahA,28,8,16,1,2,9,8,9
79,10,2,EphesosB,7,31,-2,5,0,0,10,2
79,10,1,AlexandriaA,12,6,-2,26,0,6,3,4
71,10,2,GizahA,10,16,11,10,0,8,8,3
71,10,1,EphesosA,9,17,9,1,2,3,10,3
71,10,0,AlexandriaB,1,19,-2,20,2,4,0,0
227,40,0,RhodosB,37,8,8,1,0,15,7,12
227,40,1,EphesosB,7,18,15,2,3,0,10,2
227,40,2,GizahB,7,23,-5,21,0,0,3,2
80,10,2,GizahA,0,21,17,1,0,7,15,0
80,10,1,EphesosB,17,21,0,4,0,6,10,5
80,10,0,RhodosA,16,10,1,16,6,2,3,5
109,20,0,AlexandriaB,16,2,18,9,7,13,0,5
109,20,1,RhodosB,7,22,-3,18,0,0,0,2
109,20,2,GizahA,5,17,-3,0,0,3,15,1
81,10,0,RhodosA,13,11,9,10,0,12,0,4
81,10,2,AlexandriaA,18,12,9,4,4,0,10,6
81,10,1,EphesosB,0,19,-6,10,0,0,10,0
41,10,1,EphesosB,6,16,16,1,0,6,10,2
41,10,2,GizahB,4,17,-4,20,3,6,8,1
41,10,0,AlexandriaB,24,22,6,1,3,8,0,8
82,10,0,AlexandriaA,35,10,-3,1,5,11,10,11
82,10,1,RhodosA,6,14,14,1,0,0,10,2
82,10,2,GizahB,5,14,7,1,0,0,13,1
72,10,0,EphesosB,7,0,10,16,2,20,10,2
72,10,1,AlexandriaB,5,15,12,5,0,4,7,1
72,10,2,RhodosA,21,28,-4,2,4,0,3,7
202,40,0,GizahB,7,6,12,18,4,13,0,2
202,40,1,RhodosB,22,8,11,8,4,0,3,7
202,40,2,AlexandriaA,0,23,-5,1,0,0,10,0
83,10,2,AlexandriaB,3,24,8,4,0,0,7,1
83,10,1,EphesosA,5,25,1,5,0,0,10,1
83,10,0,GizahA,13,6,7,10,2,8,0,4
18,10,1,GizahA,8,19,-4,10,3,0,15,2
18,10,2,RhodosA,4,5,13,9,0,0,10,1
18,10,0,AlexandriaB,14,7,7,4,4,8,0,4
73,10,2,GizahA,3,27,-5,17,0,5,8,1
73,10,1,RhodosB,4,18,12,0,0,4,7,1
73,10,0,EphesosB,19,4,9,13,3,5,0,6
84,10,0,RhodosB,30,0,13,16,1,0,3,10
84,10,2,AlexandriaA,3,21,7,0,0,4,10,1
84,10,1,EphesosB,9,20,-4,5,2,0,10,3
228,40,2,RhodosA,4,20,9,9,1,0,3,1
228,40,0,AlexandriaA,14,18,-4,1,0,9,10,4
228,40,1,GizahA,11,4,11,8,0,4,3,3
74,10,1,AlexandriaA,25,19,3,4,0,8,10,8
74,10,0,GizahB,15,5,6,0,3,11,8,5
74,10,2,EphesosB,2,19,3,2,2,0,10,0
164,20,1,RhodosA,11,23,13,1,3,0,10,3
164,20,0,AlexandriaB,7,15,7,13,0,6,0,2
164,20,2,GizahB,4,8,-4,16,0,5,8,1
452,160,0,EphesosB,25,0,17,10,0,10,5,8
452,160,2,GizahA,5,26,2,0,7,0,3,1
452,160,1,AlexandriaA,1,24,-5,5,0,4,3,0
75,10,2,AlexandriaB,2,10,17,5,0,0,7,0
75,10,1,GizahA,9,10,0,18,1,3,3,3
75,10,0,RhodosB,9,20,1,1,0,12,0,3
42,10,2,RhodosA,6,23,10,2,0,6,0,2
42,10,0,GizahB,3,14,-1,13,0,14,0,1
42,10,1,EphesosA,23,9,7,2,0,0,10,7
203,40,0,AlexandriaB,32,22,-2,1,6,12,7,10
203,40,2,GizahA,1,15,9,13,0,0,8,0
203,40,1,EphesosB,3,15,11,2,0,5,10,1
76,10,1,EphesosB,2,18,12,5,0,8,10,0
76,10,0,RhodosA,14,8,10,13,5,6,3,4
76,10,2,GizahA,11,23,-4,4,0,0,15,3
43,10,0,AlexandriaB,9,9,18,2,7,0,7,3
43,10,2,EphesosA,17,12,5,4,0,8,10,5
43,10,1,RhodosA,4,18,-5,10,0,4,3,1
229,40,1,GizahA,4,28,9,1,0,4,15,1
229,40,2,EphesosA,11,10,7,4,0,10,10,3
229,40,0,AlexandriaA,12,5,2,13,2,9,3,4
142,20,0,AlexandriaB,16,15,3,10,2,9,7,5
142,20,1,GizahB,2,30,3,10,1,0,3,0
142,20,2,EphesosA,2,0,6,16,0,5,10,0
44,10,0,GizahA,5,21,7,4,3,14,8,1
44,10,1,EphesosB,8,11,-4,21,2,3,10,2
44,10,2,AlexandriaB,15,16,11,2,0,3,7,5
56,10,1,EphesosB,6,6,14,16,0,6,10,2
56,10,2,AlexandriaA,5,24,4,1,0,6,10,1
56,10,0,GizahB,16,16,-2,13,1,0,0,5
165,20,1,EphesosA,8,22,-1,2,3,0,10,2
165,20,2,GizahB,3,5,14,10,1,0,3,1
165,20,0,AlexandriaB,11,8,-1,13,0,9,0,3
62,10,1,EphesosA,20,21,4,4,0,4,10,6
62,10,2,RhodosB,5,27,8,1,0,0,7,1
62,10,0,GizahA,4,7,6,5,3,10,0,1
85,10,2,RhodosA,12,5,16,4,0,9,10,4
85,10,1,EphesosB,16,12,0,10,2,2,5,5
85,10,0,GizahB,4,13,2,5,2,0,8,1
19,10,2,EphesosA,8,18,11,9,0,0,10,2
19,10,1,GizahA,8,17,4,5,3,0,15,2
19,10,0,AlexandriaB,22,20,-1,4,2,4,0,7
63,10,2,RhodosB,1,23,8,13,0,6,0,0
63,10,0,AlexandriaA,20,11,6,1,5,13,3,6
63,10,1,EphesosA,5,15,2,5,0,0,10,1
64,10,1,RhodosB,15,29,15,2,4,0,3,5
64,10,0,AlexandriaA,28,7,8,2,4,10,10,9
64,10,2,EphesosB,4,14,-5,18,0,0,10,1
65,10,0,RhodosA,27,10,2,1,8,10,10,9
65,10,1,GizahB,1,18,6,2,0,0,20,0
65,10,2,EphesosB,4,7,8,5,0,6,10,1
86,10,0,GizahB,20,0,12,25,0,10,0,6
86,10,2,AlexandriaB,0,22,10,2,0,6,7,0
86,10,1,EphesosA,5,26,-4,0,0,10,10,1
57,10,1,RhodosB,6,20,13,4,1,6,3,2
57,10,2,AlexandriaA,4,33,-2,5,0,0,10,1
57,10,0,GizahB,10,0,3,8,0,12,8,3
166,20,2,RhodosA,1,25,16,1,0,5,10,0
166,20,1,EphesosB,4,22,-6,4,1,5,10,1
166,20,0,GizahB,18,8,8,5,1,2,3,6
230,40,0,RhodosA,19,13,17,10,1,6,3,6
230,40,2,GizahB,8,15,7,2,0,9,20,2
230,40,1,EphesosB,14,23,-6,4,3,5,10,4
45,10,1,RhodosB,0,21,14,5,0,6,3,0
45,10,2,GizahB,8,17,6,1,0,0,20,2
45,10,0,AlexandriaA,14,3,-2,2,2,22,10,4
20,10,0,GizahA,27,0,12,13,5,10,0,9
20,10,2,AlexandriaB,3,30,-4,5,0,6,7,1
20,10,1,EphesosB,1,11,8,10,0,0,10,0
143,20,1,GizahB,8,17,8,5,0,6,13,2
143,20,2,RhodosB,5,30,4,1,0,10,3,1
143,20,0,AlexandriaB,10,0,6,16,5,2,0,3
66,10,2,AlexandriaA,4,19,7,4,0,0,10,1
66,10,1,GizahA,4,6,13,2,3,0,15,1
66,10,0,EphesosA,10,9,-4,10,2,11,0,3
58,10,0,AlexandriaB,9,0,18,5,0,16,7,3
58,10,2,RhodosB,1,36,4,9,0,0,0,0
58,10,1,EphesosA,16,14,-4,5,3,2,10,5
231,40,0,AlexandriaA,30,10,7,13,4,10,0,10
231,40,1,RhodosB,0,25,17,2,0,4,0,0
231,40,2,EphesosB,2,20,-6,16,0,2,10,0
59,10,0,RhodosB,7,19,-3,18,0,6,7,2
59,10,1,GizahA,14,11,16,2,2,5,8,4
59,10,2,EphesosB,13,21,3,5,3,0,10,4
21,10,2,RhodosB,25,21,0,13,0,0,7,8
21,10,1,EphesosB,1,22,2,8,5,0,10,0
21,10,0,GizahA,7,8,16,5,1,11,3,2
67,10,2,AlexandriaA,0,27,-1,16,0,0,3,0
67,10,1,RhodosA,13,10,10,5,3,0,3,4
67,10,0,GizahA,6,3,-1,5,4,13,8,2
60,10,1,RhodosB,8,24,12,5,0,0,3,2
60,10,2,AlexandriaA,11,10,0,18,1,0,10,3
60,10,0,GizahA,8,11,6,1,3,4,15,2
31,10,0,RhodosB,20,17,-1,1,8,14,3,6
31,10,2,GizahB,3,27,8,2,0,5,3,1
31,10,1,AlexandriaA,4,8,9,5,0,0,10,1
61,10,1,EphesosB,28,16,0,0,3,12,10,9
61,10,2,GizahA,0,25,2,2,0,0,15,0
61,10,0,AlexandriaA,7,2,14,10,2,6,3,2
87,10,2,GizahB,4,12,18,10,2,0,8,1
87,10,1,RhodosA,14,23,4,5,0,8,3,4
87,10,0,AlexandriaB,5,14,-4,5,5,10,0,1
22,10,2,GizahA,0,14,16,4,3,6,3,0
22,10,1,EphesosA,3,13,6,10,2,7,3,1
22,10,0,AlexandriaA,8,13,-4,26,0,0,0,2
144,20,1,AlexandriaA,8,28,10,2,0,0,3,2
144,20,0,EphesosB,27,0,-2,25,2,5,5,9
144,20,2,RhodosA,3,17,4,5,2,0,3,1
88,10,2,RhodosB,16,27,14,1,0,0,3,5
88,10,1,GizahB,9,15,8,0,5,0,13,3
88,10,0,EphesosB,7,13,-4,21,0,5,0,2
32,10,0,RhodosA,10,18,10,4,0,7,0,3
32,10,2,AlexandriaA,0,18,-1,13,0,0,3,0
32,10,1,GizahB,5,6,3,8,0,5,8,1
23,10,0,GizahA,18,17,12,1,4,0,15,6
23,10,1,RhodosA,1,2,10,16,3,11,3,0
23,10,2,AlexandriaA,8,29,-4,2,0,6,3,2
145,20,1,GizahA,6,20,8,2,0,4,8,2
145,20,0,RhodosB,13,0,12,16,8,3,0,4
145,20,2,AlexandriaA,1,35,-4,1,2,4,3,0
46,10,1,EphesosA,9,8,17,1,2,8,10,3
46,10,2,RhodosA,7,35,-2,5,1,0,3,2
46,10,0,AlexandriaA,13,8,3,16,0,4,0,4
89,10,1,AlexandriaB,4,20,11,9,0,5,7,1
89,10,2,EphesosB,10,13,9,13,3,0,10,3
89,10,0,RhodosB,25,10,-2,1,11,12,0,8
232,40,2,EphesosB,15,31,17,2,0,0,10,5
232,40,0,GizahA,13,10,-3,16,0,14,3,4
232,40,1,AlexandriaA,8,6,4,2,2,4,3,2
47,10,1,EphesosA,19,21,4,10,0,9,3,6
47,10,2,RhodosA,12,15,17,4,1,0,3,4
47,10,0,GizahA,9,11,-3,10,6,9,3,3
33,10,0,EphesosA,28,6,18,1,11,8,0,9
33,10,2,GizahA,4,17,5,2,0,8,8,1
33,10,1,AlexandriaB,0,18,-5,10,0,8,7,0
453,160,0,GizahB,2,0,2,10,3,19,20,0
453,160,1,AlexandriaA,11,29,2,2,0,4,10,3
453,160,2,RhodosB,8,16,14,8,2,0,7,2
34,10,1,RhodosA,3,9,16,18,0,6,3,1
34,10,2,EphesosB,3,19,6,1,0,5,10,1
34,10,0,GizahA,26,22,-4,2,7,0,0,8
146,20,0,EphesosB,13,14,8,10,3,7,0,4
146,20,2,GizahB,1,10,14,10,0,0,8,0
146,20,1,AlexandriaB,7,23,-6,8,0,4,0,2
167,20,2,EphesosA,1,10,7,18,3,0,3,0
167,20,1,RhodosB,5,20,7,10,0,0,0,1
167,20,0,AlexandriaB,15,10,-2,2,4,0,7,5
24,10,2,GizahA,4,14,14,5,0,0,8,1
24,10,0,EphesosA,13,3,8,10,6,4,3,4
24,10,1,RhodosB,5,30,-6,1,0,8,3,1
90,10,0,RhodosB,23,22,2,4,5,3,3,7
90,10,2,AlexandriaA,4,14,1,13,0,5,10,1
90,10,1,GizahA,5,8,15,8,2,0,3,1
35,10,1,AlexandriaA,6,29,15,2,0,6,3,2
35,10,2,EphesosB,3,13,5,5,0,17,10,1
35,10,0,RhodosA,26,2,-2,8,7,5,3,8
91,10,2,GizahA,5,19,2,13,0,8,3,1
91,10,1,AlexandriaA,3,16,13,13,0,0,3,1
91,10,0,EphesosB,29,15,1,0,4,4,2,9
36,10,2,AlexandriaA,10,13,16,8,0,4,3,3
36,10,1,GizahB,5,33,-2,1,0,0,8,1
36,10,0,EphesosB,9,9,-2,10,4,10,5,3
92,10,1,RhodosB,2,16,17,16,2,0,0,0
92,10,0,EphesosA,30,19,-3,1,5,6,10,10
92,10,2,AlexandriaB,4,20,4,5,0,11,7,1
147,20,2,RhodosB,13,34,3,1,0,0,7,4
147,20,1,AlexandriaB,4,21,8,16,0,0,0,1
147,20,0,GizahA,11,0,1,9,6,11,15,3
48,10,1,AlexandriaB,2,26,6,13,0,0,0,0
48,10,2,GizahB,3,23,0,1,1,0,13,1
48,10,0,EphesosA,17,6,12,2,0,5,3,5
49,10,1,GizahB,0,37,1,2,0,0,8,0
49,10,0,RhodosA,9,8,7,18,6,0,3,3
49,10,2,AlexandriaB,5,10,8,5,0,12,7,1
37,10,2,RhodosA,10,24,15,4,0,0,10,3
37,10,0,GizahB,6,3,2,10,2,10,3,2
37,10,1,AlexandriaB,5,17,1,2,0,4,7,1
50,10,0,RhodosA,19,13,10,4,7,5,0,6
50,10,1,AlexandriaA,9,16,12,0,0,8,3,3
50,10,2,EphesosA,2,22,-4,16,1,0,3,0
168,20,0,GizahB,6,5,-1,47,0,0,3,2
168,20,1,AlexandriaA,12,33,-1,4,1,0,10,4
168,20,2,EphesosA,3,13,10,4,0,2,10,1
51,10,1,GizahA,9,30,7,5,0,8,3,3
51,10,0,EphesosA,17,7,-4,13,3,16,3,5
51,10,2,RhodosA,2,18,13,2,3,0,3,0
52,10,2,RhodosB,4,30,10,0,0,6,0,1
52,10,0,GizahB,12,7,-2,5,1,11,3,4
52,10,1,AlexandriaB,2,11,4,5,1,0,7,0
171,20,0,EphesosB,0,12,10,2,2,26,2,0
171,20,2,RhodosB,3,12,14,18,0,6,0,1
171,20,1,GizahB,19,31,-6,8,0,0,3,6
53,10,1,AlexandriaB,9,26,6,1,0,4,7,3
53,10,0,EphesosB,12,7,12,13,8,0,0,4
53,10,2,GizahB,4,7,0,13,0,0,13,1
204,40,1,RhodosA,1,23,17,2,0,8,3,0
204,40,2,EphesosB,5,13,4,16,0,0,10,1
204,40,0,AlexandriaA,19,13,-3,2,3,8,10,6
172,20,2,AlexandriaA,5,25,6,2,0,0,10,1
172,20,1,GizahA,0,13,5,4,0,9,3,0
172,20,0,RhodosA,8,2,7,8,0,10,3,2
68,10,1,RhodosB,8,35,12,0,0,0,7,2
68,10,0,AlexandriaB,18,9,3,13,5,13,0,6
68,10,2,GizahB,1,11,1,26,0,0,8,0
148,20,1,GizahA,5,29,14,9,0,0,8,1
148,20,0,EphesosA,17,12,-2,10,1,13,3,5
148,20,2,RhodosA,3,11,6,4,6,1,3,1
179,20,0,AlexandriaA,26,9,12,2,7,6,3,8
179,20,2,RhodosB,14,28,-3,13,0,0,3,4
179,20,1,EphesosB,10,18,5,4,0,5,10,3
156,20,0,RhodosB,22,8,9,1,5,12,3,7
156,20,1,GizahA,5,19,12,10,0,0,3,1
156,20,2,EphesosB,3,24,-5,5,0,8,10,1
101,20,1,AlexandriaB,9,14,-1,18,0,4,7,3
101,20,2,GizahB,6,17,15,2,2,0,0,2
101,20,0,RhodosA,8,13,2,5,2,0,3,2
173,20,0,GizahA,0,10,1,26,1,7,3,0
173,20,2,EphesosA,14,18,4,5,0,0,10,4
173,20,1,AlexandriaA,6,13,9,2,0,0,10,2
157,20,0,RhodosB,8,17,8,5,6,5,3,2
157,20,2,AlexandriaB,2,7,11,5,0,11,7,0
157,20,1,EphesosA,6,20,-3,13,0,3,3,2
169,20,1,GizahA,0,20,15,5,3,0,8,0
169,20,0,RhodosB,17,0,2,13,6,17,0,5
169,20,2,AlexandriaA,7,35,1,2,0,0,3,2
174,20,1,GizahB,4,30,-4,1,2,6,8,1
174,20,2,RhodosB,8,15,16,10,0,0,0,2
174,20,0,EphesosA,27,2,6,2,4,6,10,9
454,160,1,RhodosB,6,20,10,10,0,0,3,2
454,160,0,EphesosB,24,6,-2,1,4,17,10,8
454,160,2,AlexandriaA,6,13,4,13,0,0,3,2
110,20,1,EphesosA,5,30,10,5,2,5,0,1
110,20,2,RhodosB,6,11,7,13,0,0,0,2
110,20,0,AlexandriaB,16,8,-1,9,4,6,0,5
102,20,2,EphesosA,12,15,9,4,3,6,10,4
102,20,0,RhodosA,15,6,4,10,5,16,3,5
102,20,1,AlexandriaA,7,26,3,2,0,5,10,2
170,20,1,RhodosB,5,23,16,1,0,6,3,1
170,20,2,AlexandriaB,13,13,1,10,0,0,7,4
170,20,0,EphesosB,13,8,-1,2,3,9,2,4
111,20,0,RhodosB,21,19,6,13,4,0,3,7
111,20,1,EphesosA,8,11,6,4,0,12,10,2
111,20,2,GizahB,6,21,6,5,0,0,8,2
149,20,0,RhodosA,23,6,2,10,7,12,3,7
149,20,1,AlexandriaA,5,17,15,2,0,0,10,1
149,20,2,EphesosA,7,25,1,9,2,0,3,2
175,20,0,EphesosA,9,17,-3,9,0,17,3,3
175,20,2,RhodosB,6,8,16,5,0,6,7,2
175,20,1,AlexandriaB,8,24,3,13,0,0,0,2
180,20,0,GizahB,25,6,11,10,0,16,0,8
180,20,1,EphesosA,3,31,-5,4,4,0,10,1
180,20,2,AlexandriaA,5,14,6,1,3,3,10,1
158,20,2,RhodosA,9,20,14,9,1,0,3,3
158,20,0,AlexandriaB,10,17,8,9,0,4,0,3
158,20,1,GizahB,12,14,-4,10,3,0,8,4
176,20,2,GizahA,5,18,14,13,1,0,8,1
176,20,1,RhodosB,2,14,9,10,3,6,7,0
176,20,0,AlexandriaA,18,11,-5,4,0,11,3,6
103,20,1,RhodosA,8,24,15,1,0,2,3,2
103,20,0,GizahA,15,5,2,1,9,16,3,5
103,20,2,EphesosA,5,26,1,10,0,0,0,1
181,20,1,GizahA,4,14,4,16,0,4,8,1
181,20,2,RhodosA,4,22,10,0,3,0,10,1
181,20,0,AlexandriaB,11,12,-2,13,0,12,0,3
159,20,0,AlexandriaB,33,5,16,2,8,9,0,11
159,20,2,GizahA,5,24,-3,10,0,0,15,1
159,20,1,EphesosB,2,12,3,8,0,4,10,0
288,40,0,GizahA,20,9,8,13,5,0,8,6
288,40,1,RhodosB,4,21,14,1,0,0,7,1
288,40,2,EphesosB,10,21,-4,13,0,0,2,3
112,20,1,GizahB,10,12,5,25,2,0,8,3
112,20,2,AlexandriaA,14,20,15,2,3,0,3,4
112,20,0,EphesosB,7,11,-2,9,1,14,0,2
182,20,1,EphesosB,3,24,5,5,0,6,10,1
182,20,2,RhodosB,5,20,15,2,0,0,3,1
182,20,0,AlexandriaB,28,5,-2,16,4,5,0,9
150,20,2,AlexandriaB,5,24,13,1,0,11,7,1
150,20,1,GizahB,7,20,-5,10,3,0,13,2
150,20,0,RhodosA,14,5,6,13,2,2,3,4
25,10,0,EphesosA,18,22,-3,1,8,5,3,6
25,10,2,RhodosA,2,13,14,5,0,0,10,0
25,10,1,AlexandriaB,8,11,7,9,0,4,7,2
26,10,1,GizahA,5,19,12,4,0,0,15,1
26,10,2,AlexandriaB,3,27,6,1,3,0,7,1
26,10,0,RhodosA,7,9,0,2,1,17,3,2
160,20,2,AlexandriaB,15,21,3,10,0,7,7,5
160,20,1,EphesosA,5,23,10,4,0,0,10,1
160,20,0,GizahA,19,6,5,2,8,1,3,6
183,20,1,EphesosB,9,17,9,13,0,0,5,3
183,20,2,RhodosB,0,27,5,5,0,3,3,0
183,20,0,GizahB,23,11,-2,4,4,11,0,7
151,20,0,EphesosA,23,13,8,4,3,18,3,7
151,20,2,AlexandriaB,8,20,15,1,0,0,7,2
151,20,1,GizahB,0,17,-5,21,0,6,3,0
327,80,0,AlexandriaB,29,4,6,25,2,10,0,9
327,80,2,EphesosB,12,27,-4,4,0,6,10,4
327,80,1,RhodosA,5,19,16,0,1,0,3,1
184,20,0,RhodosB,21,0,17,5,8,8,3,7
184,20,1,AlexandriaA,1,22,1,8,0,8,0,0
184,20,2,GizahB,6,20,0,0,0,6,0,2
104,20,0,AlexandriaA,15,9,8,10,0,6,3,5
104,20,1,GizahB,9,25,-5,8,0,0,8,3
104,20,2,RhodosA,2,10,15,2,1,0,3,0
161,20,0,GizahA,7,13,8,10,1,0,3,2
161,20,1,RhodosA,0,25,-4,13,0,0,0,0
161,20,2,AlexandriaB,4,11,8,1,5,0,7,1
113,20,1,GizahB,20,23,9,0,0,6,8,6
113,20,2,AlexandriaA,3,13,3,18,0,0,10,1
113,20,0,RhodosB,0,7,4,21,4,0,3,0
177,20,2,GizahA,1,23,7,10,0,5,8,0
177,20,1,EphesosA,11,11,13,13,3,0,3,3
177,20,0,AlexandriaA,22,8,-4,1,4,20,3,7
185,20,0,EphesosB,13,14,18,5,7,0,0,4
185,20,1,AlexandriaA,8,12,-3,5,0,11,10,2
185,20,2,GizahB,4,21,-3,9,0,0,8,1
178,20,0,RhodosA,13,20,7,1,3,5,10,4
178,20,1,GizahB,5,11,-3,9,2,8,13,1
178,20,2,EphesosB,29,10,14,1,0,0,5,9
152,20,0,AlexandriaA,9,12,18,1,3,13,0,3
152,20,1,RhodosA,17,20,5,13,1,0,3,5
152,20,2,EphesosB,10,23,-5,5,0,0,10,3
186,20,1,GizahB,6,8,14,1,3,6,20,2
186,20,2,RhodosA,11,33,2,2,0,5,3,3
186,20,0,EphesosB,9,14,2,10,2,6,5,3
242,40,0,RhodosB,13,0,16,26,2,12,3,4
242,40,1,GizahB,7,12,6,2,0,0,20,2
242,40,2,EphesosA,6,21,-4,10,0,0,10,2
114,20,1,AlexandriaA,5,35,-5,4,2,7,10,1
114,20,0,EphesosB,19,14,12,4,5,5,2,6
114,20,2,RhodosB,8,2,11,17,1,0,3,2
289,40,1,AlexandriaB,6,38,-4,13,0,2,0,2
289,40,0,RhodosA,7,0,10,16,1,1,10,2
289,40,2,EphesosA,10,7,12,2,0,1,10,3
162,20,0,RhodosA,15,16,13,0,1,13,3,5
162,20,2,AlexandriaA,6,14,-6,16,0,3,10,2
162,20,1,EphesosB,4,12,7,2,2,0,10,1
290,40,1,AlexandriaA,6,11,5,5,0,12,10,2
290,40,2,RhodosA,4,16,15,1,1,0,3,1
290,40,0,GizahA,13,5,-2,5,5,9,8,4
243,40,2,AlexandriaA,12,20,9,4,3,4,10,4
243,40,1,EphesosB,18,24,-6,10,3,0,10,6
243,40,0,RhodosB,12,7,13,13,3,0,7,4
27,10,1,AlexandriaA,4,14,14,13,0,0,10,1
27,10,2,EphesosB,5,15,8,5,0,5,10,1
27,10,0,GizahA,9,21,-4,13,0,5,0,3
205,40,2,GizahB,7,31,11,4,1,4,3,2
205,40,1,EphesosA,3,13,10,9,0,0,10,1
205,40,0,RhodosA,30,8,-3,16,3,4,3,10
153,20,0,RhodosA,22,17,0,2,4,16,0,7
153,20,2,GizahB,5,19,0,18,1,0,3,1
153,20,1,EphesosA,3,11,18,5,1,0,3,1
28,10,1,AlexandriaB,2,2,16,18,0,0,7,0
28,10,0,EphesosB,14,17,3,5,8,0,0,4
28,10,2,RhodosA,7,23,-3,1,0,0,10,2
244,40,1,GizahA,15,25,12,9,0,0,3,5
244,40,2,EphesosB,8,24,-4,10,2,6,10,2
244,40,0,AlexandriaA,17,6,10,5,7,6,3,5
29,10,2,RhodosA,3,23,16,5,0,0,3,1
29,10,1,GizahB,9,14,2,1,1,11,8,3
29,10,0,EphesosB,14,14,0,2,5,6,0,4
105,20,1,GizahB,6,21,8,4,0,0,13,2
105,20,2,EphesosA,17,22,2,0,0,4,10,5
105,20,0,AlexandriaA,0,12,6,10,2,0,3,0
245,40,0,AlexandriaA,16,14,8,5,0,4,10,5
245,40,1,RhodosA,6,19,2,13,0,3,0,2
245,40,2,GizahB,0,22,2,10,0,4,0,0
154,20,0,GizahA,16,9,6,10,3,9,15,5
154,20,2,AlexandriaA,14,19,7,2,0,6,10,4
154,20,1,EphesosB,6,15,5,5,1,0,10,2
30,10,0,EphesosB,6,0,18,10,0,21,0,2
30,10,1,GizahA,3,23,0,5,3,0,8,1
30,10,2,AlexandriaB,0,27,0,5,0,5,0,0
106,20,0,EphesosA,5,8,18,5,2,14,3,1
106,20,1,RhodosA,14,29,-3,10,0,0,3,4
106,20,2,GizahB,1,14,-3,5,0,5,8,0
7,10,2,GizahB,15,19,0,4,4,0,20,5
7,10,0,AlexandriaA,20,10,14,13,7,0,0,6
7,10,1,EphesosA,6,12,2,9,0,7,10,2
107,20,1,EphesosA,11,21,3,0,0,12,10,3
107,20,0,AlexandriaA,11,17,4,21,0,0,0,3
107,20,2,RhodosB,4,17,9,13,2,0,0,1
115,20,0,EphesosB,5,18,6,10,1,5,0,1
115,20,1,GizahA,8,23,2,2,1,4,3,2
115,20,2,RhodosB,1,14,8,5,0,1,0,0
116,20,1,AlexandriaB,6,9,14,16,0,7,7,2
116,20,2,GizahA,3,29,-2,0,0,0,15,1
116,20,0,RhodosA,14,13,6,1,7,6,0,4
108,20,0,AlexandriaB,7,19,14,5,1,0,0,2
108,20,1,EphesosB,9,18,3,8,3,0,2,3
108,20,2,GizahA,13,18,-3,5,0,8,3,4
291,40,1,GizahA,4,23,16,4,0,9,3,1
291,40,2,AlexandriaA,8,24,0,1,0,0,10,2
291,40,0,EphesosA,10,2,2,13,2,5,0,3
93,10,1,RhodosB,13,12,14,9,0,5,7,4
93,10,2,EphesosB,5,22,7,4,0,0,10,1
93,10,0,GizahA,19,10,-3,5,1,13,3,6
117,20,1,AlexandriaB,10,15,0,21,0,5,7,3
117,20,0,EphesosA,20,21,2,0,3,12,3,6
117,20,2,GizahA,2,19,14,1,3,4,3,0
328,80,2,AlexandriaB,16,28,8,10,0,0,7,5
328,80,1,GizahB,5,5,14,5,0,11,13,1
328,80,0,EphesosB,14,16,-4,2,3,17,10,4
304,80,2,AlexandriaA,6,20,13,1,0,7,10,2
304,80,1,RhodosB,8,21,7,4,3,4,3,2
304,80,0,EphesosA,6,14,-4,16,0,7,3,2
94,10,0,EphesosA,12,2,17,21,4,0,0,4
94,10,1,GizahA,3,21,4,2,0,0,15,1
94,10,2,AlexandriaA,3,11,-3,9,0,11,10,1
95,10,2,AlexandriaA,8,18,13,4,0,7,10,2
95,10,1,GizahA,0,27,2,4,0,6,3,0
95,10,0,RhodosA,8,10,1,25,0,0,0,2
118,20,2,RhodosB,25,15,10,1,0,9,7,8
118,20,0,EphesosA,7,11,7,10,1,0,3,2
118,20,1,GizahA,1,29,-3,4,1,0,3,0
96,10,1,AlexandriaB,3,28,15,1,3,0,7,1
96,10,0,RhodosB,17,6,3,18,0,5,3,5
96,10,2,GizahB,5,18,-4,8,0,0,13,1
97,10,0,GizahB,31,8,12,1,4,10,8,10
97,10,1,AlexandriaB,8,18,8,10,0,0,7,2
97,10,2,EphesosB,4,13,-4,13,2,0,10,1
98,10,2,EphesosA,20,21,9,1,0,6,10,6
98,10,1,RhodosA,10,28,-3,8,0,4,3,3
98,10,0,GizahB,2,6,10,10,6,10,0,0
206,40,2,GizahA,18,31,8,1,1,3,3,6
206,40,0,AlexandriaB,1,8,8,28,0,0,7,0
206,40,1,EphesosB,13,16,-4,5,3,9,2,4
246,40,0,AlexandriaA,27,8,1,9,2,19,3,9
246,40,2,RhodosA,7,20,7,5,0,0,10,2
246,40,1,EphesosB,4,16,8,2,0,6,10,1
99,10,1,AlexandriaA,12,33,9,2,0,0,10,4
99,10,2,EphesosA,2,11,7,2,0,6,10,0
99,10,0,RhodosB,11,0,2,16,0,13,0,3
100,20,0,AlexandriaA,29,10,18,16,2,4,0,9
100,20,2,GizahB,0,18,-3,1,0,13,13,0
100,20,1,EphesosB,2,11,-3,9,2,6,10,0
292,40,2,AlexandriaB,5,31,-4,13,0,5,7,1
292,40,0,EphesosB,30,7,18,1,3,2,10,10
292,40,1,GizahB,0,14,2,13,0,8,8,0
207,40,1,RhodosB,6,19,15,2,2,6,7,2
207,40,0,GizahA,11,11,2,21,1,5,3,3
207,40,2,AlexandriaA,1,21,1,5,0,4,10,0
305,80,1,RhodosB,23,12,17,1,0,0,7,7
305,80,0,EphesosA,1,10,7,18,2,3,0,0
305,80,2,GizahA,2,25,-6,5,0,12,3,0
208,40,1,AlexandriaA,20,24,3,1,0,13,3,6
208,40,2,EphesosB,11,8,16,4,2,0,5,3
208,40,0,RhodosA,9,0,-3,21,1,3,3,3
233,40,0,RhodosA,17,21,2,1,7,5,0,5
233,40,1,GizahA,16,10,14,5,0,4,3,5
233,40,2,AlexandriaB,2,24,0,5,0,0,7,0
119,20,2,EphesosB,14,4,8,16,0,7,10,4
119,20,0,RhodosA,14,19,6,2,1,5,3,4
119,20,1,AlexandriaA,4,15,2,2,0,5,10,1
209,40,0,GizahA,29,8,18,5,2,12,3,9
209,40,2,EphesosB,8,23,-4,10,0,0,10,2
209,40,1,RhodosA,1,16,2,10,2,0,3,0
218,40,2,AlexandriaB,15,25,14,2,0,4,0,5
218,40,0,GizahB,18,18,-2,10,4,0,8,6
218,40,1,EphesosB,7,12,6,5,1,4,10,2
293,40,1,RhodosB,4,20,13,1,3,7,7,1
293,40,2,EphesosB,24,17,5,1,2,0,5,8
293,40,0,GizahB,6,4,-2,10,3,6,13,2
329,80,0,RhodosB,25,7,10,0,5,15,7,8
329,80,2,GizahB,9,15,7,10,0,0,13,3
329,80,1,AlexandriaB,4,21,-5,8,0,4,7,1
219,40,1,GizahB,3,8,8,16,0,5,8,1
219,40,0,AlexandriaB,17,11,6,4,4,4,7,5
219,40,2,RhodosB,7,19,4,4,4,4,0,2
265,40,0,RhodosA,1,10,-2,43,0,6,0,0
265,40,1,AlexandriaB,2,20,5,0,0,10,7,0
265,40,2,GizahA,7,8,15,5,2,0,8,2
120,20,1,EphesosB,3,18,9,13,1,0,10,1
120,20,2,AlexandriaB,7,21,-3,13,0,5,7,2
120,20,0,GizahA,16,6,10,2,0,10,0,5
281,40,2,GizahB,1,27,11,4,0,5,8,0
281,40,1,AlexandriaB,16,13,10,1,0,12,7,5
281,40,0,EphesosA,5,4,-3,10,8,9,3,1
210,40,0,GizahA,12,17,-2,16,6,2,0,4
210,40,2,EphesosA,7,12,4,8,0,6,10,2
210,40,1,AlexandriaB,5,21,10,1,0,0,7,1
155,20,1,RhodosB,0,12,16,21,0,0,0,0
155,20,2,AlexandriaA,18,25,0,0,7,0,10,6
155,20,0,GizahA,14,4,2,10,3,11,3,4
294,40,1,AlexandriaA,8,4,10,20,0,0,10,2
294,40,2,GizahA,1,18,11,0,3,10,3,0
294,40,0,EphesosB,26,24,-3,1,4,0,2,8
220,40,1,EphesosA,13,28,-1,1,0,7,10,4
220,40,2,GizahA,6,9,15,0,3,5,15,2
220,40,0,RhodosA,10,8,4,25,1,0,3,3
121,20,0,AlexandriaA,18,15,-1,13,8,6,3,6
121,20,1,RhodosB,4,32,2,10,0,0,3,1
121,20,2,GizahB,1,8,15,4,0,0,13,0
211,40,2,GizahA,5,20,8,18,0,0,3,1
211,40,1,AlexandriaB,0,15,2,1,0,17,7,0
211,40,0,RhodosA,12,13,6,5,7,0,3,4
132,20,0,EphesosA,22,14,12,4,0,4,3,7
132,20,1,AlexandriaA,5,18,1,4,1,7,10,1
132,20,2,RhodosB,8,14,1,2,2,9,7,2
122,20,1,RhodosA,10,19,14,1,0,9,10,3
122,20,2,EphesosA,3,20,-1,9,2,0,10,1
122,20,0,AlexandriaA,19,13,-1,2,0,9,10,6
212,40,2,RhodosB,12,20,17,1,0,4,7,4
212,40,0,EphesosB,29,6,-3,13,5,9,2,9
212,40,1,GizahA,0,17,4,13,4,0,3,0
8,10,1,RhodosB,10,29,0,1,1,7,7,3
8,10,0,EphesosA,21,9,0,10,0,10,3,7
8,10,2,AlexandriaB,0,17,0,9,1,0,7,0
330,80,0,RhodosB,3,23,7,1,2,11,0,1
330,80,1,AlexandriaA,14,10,11,4,0,5,10,4
330,80,2,EphesosA,19,10,-4,13,4,0,10,6
133,20,2,EphesosB,3,16,11,16,0,0,0,1
133,20,0,GizahA,5,9,9,2,5,6,3,1
133,20,1,RhodosA,9,12,-2,2,0,9,10,3
9,10,1,RhodosB,6,23,17,1,3,0,0,2
9,10,2,GizahB,6,20,4,5,2,0,8,2
9,10,0,EphesosA,13,0,-3,2,3,24,3,4
134,20,1,AlexandriaB,6,35,7,1,0,6,7,2
134,20,0,EphesosA,21,5,17,1,4,11,3,7
134,20,2,GizahA,3,12,-6,13,0,5,15,1
266,40,2,EphesosB,36,12,0,4,6,0,10,12
266,40,1,AlexandriaA,8,18,17,2,0,0,3,2
266,40,0,RhodosA,1,4,1,25,0,4,0,0
123,20,1,EphesosA,4,22,2,17,0,0,10,1
123,20,2,RhodosA,1,16,16,4,1,7,3,0
123,20,0,GizahA,24,5,0,9,2,2,8,8
247,40,1,EphesosB,13,21,14,0,0,11,10,4
247,40,2,GizahA,4,20,4,4,0,4,15,1
247,40,0,RhodosA,21,11,-2,18,7,0,0,7
135,20,1,GizahB,3,23,10,13,0,0,3,1
135,20,2,AlexandriaA,1,16,9,4,0,7,10,0
135,20,0,RhodosA,13,7,-3,1,3,13,0,4
213,40,0,EphesosB,19,0,12,5,8,15,2,6
213,40,2,AlexandriaB,2,13,11,5,0,8,7,0
213,40,1,RhodosA,6,27,-5,4,2,6,3,2
331,80,0,GizahB,29,13,6,1,3,21,0,9
331,80,1,RhodosA,5,26,2,13,0,0,3,1
331,80,2,EphesosA,3,16,8,2,0,0,10,1
10,10,0,GizahA,17,18,9,4,6,0,3,5
10,10,2,EphesosA,6,19,9,4,1,0,3,2
10,10,1,AlexandriaA,7,18,-6,5,0,6,10,2
282,40,0,EphesosA,27,10,4,4,0,13,3,9
282,40,2,GizahA,11,22,-2,1,3,0,15,3
282,40,1,RhodosA,1,15,10,1,0,3,3,0
267,40,1,RhodosA,0,38,2,4,0,8,3,0
267,40,2,GizahB,3,2,14,10,0,0,8,1
267,40,0,EphesosA,21,4,2,1,5,8,0,7
295,40,0,RhodosB,27,6,10,1,7,17,7,9
295,40,1,GizahA,3,16,12,2,0,0,15,1
295,40,2,AlexandriaA,6,13,-4,8,0,0,10,2
136,20,1,EphesosA,6,13,15,5,2,0,10,2
136,20,2,GizahA,7,24,1,4,0,11,3,2
136,20,0,RhodosA,13,12,2,8,4,2,3,4
11,10,2,RhodosA,5,12,14,16,0,0,3,1
11,10,1,AlexandriaA,4,24,-4,16,5,0,3,1
11,10,0,GizahA,12,12,8,0,1,11,3,4
124,20,1,RhodosB,11,20,13,5,0,0,7,3
124,20,2,AlexandriaB,6,12,2,5,0,5,7,2
124,20,0,GizahB,3,7,1,10,0,11,0,1
306,80,1,GizahA,3,25,5,10,0,9,3,1
306,80,2,AlexandriaB,7,19,15,9,0,0,7,2
306,80,0,EphesosA,6,11,-2,10,5,7,0,2
12,10,2,RhodosB,3,23,7,13,0,0,3,1
12,10,1,GizahB,11,20,13,1,1,0,3,3
12,10,0,EphesosB,11,7,-4,5,0,9,0,3
13,10,1,RhodosB,6,19,12,5,0,6,7,2
13,10,2,AlexandriaB,4,13,10,5,3,7,7,1
13,10,0,EphesosB,24,0,-4,8,6,7,2,8
248,40,0,RhodosA,4,21,10,4,3,8,3,1
248,40,1,AlexandriaA,13,16,8,5,0,0,10,4
248,40,2,GizahA,0,12,0,18,1,3,3,0
268,40,1,AlexandriaB,24,12,15,10,6,3,7,8
268,40,0,RhodosB,2,20,2,8,0,12,3,0
268,40,2,GizahA,2,9,1,2,0,2,15,0
14,10,2,AlexandriaA,6,16,16,2,0,0,10,2
14,10,0,RhodosB,18,5,8,10,8,0,3,6
14,10,1,GizahA,3,20,-6,13,0,9,3,1
137,20,0,RhodosA,18,22,-4,10,0,6,3,6
137,20,2,AlexandriaA,5,18,8,1,1,4,10,1
137,20,1,EphesosA,8,9,8,13,2,4,3,2
0,10,2,AlexandriaA,20,10,15,2,0,7,10,6
0,10,1,EphesosB,14,18,5,5,3,5,10,4
0,10,0,RhodosB,8,12,-2,21,5,0,0,2
455,160,0,EphesosB,39,0,14,0,2,10,5,13
455,160,1,GizahB,1,15,0,13,2,5,8,0
455,160,2,RhodosA,7,26,2,5,0,0,3,2
221,40,0,AlexandriaA,13,19,7,2,0,17,3,4
221,40,2,RhodosA,15,22,-6,13,2,0,0,5
221,40,1,EphesosA,1,7,17,5,1,0,3,0
269,40,0,EphesosB,12,12,16,18,0,0,2,4
269,40,1,GizahB,10,26,3,1,3,6,8,3
269,40,2,AlexandriaA,5,17,-3,13,0,0,10,1
1,10,0,GizahB,23,12,7,1,10,6,3,7
1,10,1,EphesosB,7,14,14,0,0,5,5,2
1,10,2,RhodosA,12,12,-3,20,0,0,3,4
138,20,1,RhodosB,7,24,15,10,0,0,3,2
138,20,2,GizahB,5,15,-4,5,0,0,20,1
138,20,0,AlexandriaA,7,0,3,10,3,6,3,2
2,10,2,AlexandriaB,5,16,10,0,0,13,7,1
2,10,1,EphesosA,6,24,4,5,2,0,3,2
2,10,0,GizahA,11,11,-2,1,4,7,8,3
307,80,0,RhodosA,14,7,-1,18,0,0,10,4
307,80,1,AlexandriaA,7,19,-1,4,0,0,10,2
307,80,2,EphesosB,3,10,10,5,0,3,5,1
139,20,0,AlexandriaA,20,15,4,13,6,0,10,6
139,20,2,EphesosB,4,23,9,0,0,5,10,1
139,20,1,GizahB,11,17,3,8,0,7,3,3
270,40,0,GizahB,41,0,8,2,6,10,8,13
270,40,1,RhodosA,0,39,-5,2,2,5,3,0
270,40,2,EphesosB,11,5,15,1,0,7,10,3
257,40,1,RhodosB,21,21,4,5,2,5,7,7
257,40,2,AlexandriaB,9,18,14,2,0,0,7,3
257,40,0,GizahB,6,16,-2,10,2,8,0,2
332,80,1,AlexandriaB,2,26,10,2,0,5,0,0
332,80,0,RhodosA,17,19,0,5,0,4,3,5
332,80,2,GizahB,2,10,8,2,3,6,3,0
359,80,1,AlexandriaA,4,16,5,4,0,0,10,1
359,80,2,GizahB,5,2,15,2,0,0,13,1
359,80,0,RhodosA,18,13,-4,4,4,6,3,6
222,40,0,AlexandriaA,13,3,18,9,2,10,10,4
222,40,1,GizahB,5,28,-3,0,0,3,13,1
222,40,2,RhodosB,2,20,-3,13,0,0,0,0
360,80,2,EphesosB,23,26,7,1,0,0,10,7
360,80,1,GizahB,1,11,9,5,4,0,20,0
360,80,0,RhodosA,8,6,2,21,0,8,3,2
214,40,0,RhodosB,28,3,16,13,6,0,7,9
214,40,1,AlexandriaB,4,9,-2,18,0,0,7,1
214,40,2,EphesosA,7,20,-2,1,0,5,3,2
125,20,0,GizahB,14,16,18,1,1,9,3,4
125,20,2,AlexandriaB,8,21,0,2,0,5,7,2
125,20,1,EphesosB,2,18,0,8,0,4,2,0
249,40,0,GizahA,16,10,2,10,5,16,8,5
249,40,2,EphesosA,2,22,15,1,0,0,10,0
249,40,1,AlexandriaA,9,13,1,5,1,4,10,3
3,10,1,EphesosA,19,22,1,4,0,4,10,6
3,10,0,RhodosB,12,4,8,5,0,11,7,4
3,10,2,AlexandriaB,5,15,5,9,1,0,7,1
223,40,2,EphesosB,7,18,15,2,2,4,10,2
223,40,1,GizahB,6,9,5,5,4,6,20,2
223,40,0,AlexandriaA,25,12,-2,10,0,15,3,8
283,40,1,AlexandriaA,3,15,10,10,3,7,3,1
283,40,2,EphesosA,16,17,6,8,0,0,10,5
283,40,0,RhodosA,10,6,2,9,4,8,3,3
456,160,0,GizahB,3,16,2,10,0,6,13,1
456,160,2,AlexandriaA,16,27,8,1,0,0,3,5
456,160,1,RhodosA,3,8,8,5,0,0,10,1
4,10,2,RhodosA,14,31,9,5,0,0,3,4
4,10,0,GizahA,13,6,9,10,3,10,3,4
4,10,1,EphesosB,2,13,-6,5,2,8,5,0
126,20,1,GizahA,1,20,15,0,4,2,15,0
126,20,0,RhodosB,20,5,5,16,4,6,3,6
126,20,2,EphesosA,13,22,-4,8,0,3,3,4
215,40,2,EphesosA,18,23,16,2,0,3,10,6
215,40,0,GizahB,14,5,6,10,7,2,13,4
215,40,1,AlexandriaB,11,23,-4,8,0,4,7,3
216,40,0,AlexandriaB,30,11,0,25,4,4,0,10
216,40,2,EphesosA,5,16,9,1,3,6,10,1
216,40,1,RhodosA,4,20,3,17,0,0,3,1
5,10,2,AlexandriaA,10,24,8,4,3,0,10,3
5,10,1,EphesosB,1,15,-4,16,0,6,10,0
5,10,0,RhodosA,22,2,14,2,0,16,0,7
224,40,0,AlexandriaB,17,17,11,1,2,15,0,5
224,40,2,EphesosA,9,23,-2,18,0,0,3,3
224,40,1,GizahA,5,15,9,13,2,0,3,1
333,80,0,EphesosA,17,8,8,8,6,6,3,5
333,80,1,GizahB,11,13,15,2,0,7,0,3
333,80,2,AlexandriaB,0,25,-5,8,2,6,0,0
234,40,2,AlexandriaA,5,23,-3,1,0,10,10,1
234,40,0,EphesosA,2,17,11,4,1,7,0,0
234,40,1,RhodosB,23,0,10,13,0,0,7,7
6,10,1,RhodosA,9,18,16,4,0,0,3,3
6,10,0,AlexandriaA,10,11,-2,13,3,7,3,3
6,10,2,GizahB,1,18,-2,5,4,4,0,0
217,40,0,RhodosB,8,19,7,0,2,18,7,2
217,40,2,GizahA,13,33,-4,10,3,0,3,4
217,40,1,EphesosA,24,3,13,10,0,2,10,8
194,20,0,GizahA,11,24,-1,0,3,5,15,3
194,20,2,RhodosB,29,16,1,1,0,13,7,9
194,20,1,AlexandriaB,8,6,16,8,4,0,0,2
235,40,0,EphesosA,9,13,-4,26,0,0,10,3
235,40,1,GizahB,29,6,7,1,3,4,13,9
235,40,2,RhodosA,6,15,13,0,0,2,10,2
271,40,2,AlexandriaB,12,24,5,5,0,0,7,4
271,40,1,RhodosA,3,14,15,10,0,0,3,1
271,40,0,EphesosB,15,6,-2,2,5,8,5,5
250,40,1,RhodosB,9,34,14,4,0,0,0,3
250,40,2,EphesosB,1,4,8,8,3,6,10,0
250,40,0,GizahA,25,11,-4,13,1,2,3,8
457,160,0,AlexandriaB,9,10,18,13,2,6,0,3
457,160,2,EphesosA,1,20,-4,18,2,0,10,0
457,160,1,GizahA,13,19,2,5,0,0,15,4
225,40,1,RhodosA,2,12,16,5,0,9,10,0
225,40,0,GizahB,14,8,0,13,3,1,8,4
225,40,2,AlexandriaA,4,20,2,2,0,0,10,1
308,80,0,EphesosB,25,14,6,1,4,13,10,8
308,80,1,RhodosB,12,15,18,13,0,0,0,4
308,80,2,GizahA,2,23,-6,13,0,0,15,0
272,40,2,AlexandriaA,7,25,2,13,0,0,10,2
272,40,1,RhodosB,6,18,11,10,3,5,3,2
272,40,0,GizahB,6,3,-1,13,0,18,0,2
127,20,0,RhodosB,26,16,12,2,6,0,7,8
127,20,1,EphesosA,12,7,10,10,0,8,10,4
127,20,2,AlexandriaA,0,27,-4,4,0,3,10,0
361,80,2,EphesosB,24,17,9,1,0,8,10,8
361,80,0,AlexandriaA,4,12,10,9,1,0,10,1
361,80,1,RhodosB,8,17,-3,13,2,2,0,2
128,20,1,RhodosA,0,17,17,9,0,0,10,0
128,20,2,GizahB,6,22,4,4,1,0,3,2
128,20,0,EphesosB,19,4,-3,10,8,7,0,6
258,40,0,AlexandriaB,29,25,0,0,6,6,7,9
258,40,1,EphesosA,7,7,12,10,0,7,10,2
258,40,2,RhodosA,1,15,6,4,3,6,3,0
251,40,0,EphesosA,3,13,6,26,0,0,3,1
251,40,2,AlexandriaB,4,24,6,0,1,7,7,1
251,40,1,RhodosB,14,10,6,5,0,2,7,4
334,80,1,RhodosA,17,11,9,16,0,7,3,5
334,80,0,EphesosA,15,9,9,2,3,9,10,5
334,80,2,GizahA,1,30,-6,8,0,0,8,0
129,20,0,EphesosB,24,12,-2,1,0,18,10,8
129,20,2,AlexandriaB,11,11,15,10,0,0,7,3
129,20,1,RhodosA,5,17,5,18,0,0,3,1
195,20,0,GizahA,37,2,2,10,11,6,3,12
195,20,2,EphesosB,3,14,15,8,0,0,5,1
195,20,1,AlexandriaB,1,29,1,2,0,0,7,0
284,40,0,EphesosB,11,15,10,0,4,16,2,3
284,40,1,AlexandriaB,3,16,-4,33,0,0,0,1
284,40,2,GizahB,1,13,12,4,0,0,8,0
259,40,0,RhodosB,19,6,6,26,0,5,0,6
259,40,1,EphesosA,9,24,3,1,1,0,10,3
259,40,2,GizahA,4,17,3,1,0,5,8,1
130,20,2,RhodosA,5,22,15,1,0,10,0,1
130,20,1,AlexandriaB,7,20,1,13,0,0,7,2
130,20,0,GizahB,7,13,2,16,7,0,0,2
196,20,0,EphesosB,16,14,1,13,2,3,10,5
196,20,2,AlexandriaA,6,31,0,10,0,0,3,2
196,20,1,RhodosA,5,10,17,1,3,4,10,1
236,40,0,RhodosB,13,7,5,8,5,5,7,4
236,40,1,AlexandriaA,1,10,5,10,0,0,10,0
236,40,2,GizahB,11,22,-2,1,0,0,8,3
252,40,0,EphesosB,8,6,16,9,0,14,0,2
252,40,2,GizahA,5,21,6,10,0,0,3,1
252,40,1,AlexandriaA,2,20,-4,2,2,0,3,0
131,20,1,AlexandriaB,18,23,1,2,0,12,7,6
131,20,2,EphesosA,7,18,15,5,0,0,10,2
131,20,0,GizahB,9,14,2,4,4,6,0,3
197,20,1,RhodosA,4,9,17,4,3,11,10,1
197,20,0,EphesosB,24,22,-3,2,3,4,10,8
197,20,2,GizahA,0,18,4,8,0,4,3,0
237,40,0,EphesosB,0,12,4,10,6,9,10,0
237,40,1,GizahA,22,20,1,8,0,4,8,7
237,40,2,AlexandriaB,13,17,11,1,0,3,7,4
260,40,0,GizahA,21,4,2,0,7,6,15,7
260,40,2,AlexandriaB,3,16,6,8,0,0,7,1
260,40,1,RhodosB,5,20,8,2,0,0,0,1
362,80,0,AlexandriaA,18,12,8,5,2,5,10,6
362,80,2,GizahA,5,16,14,1,1,5,3,1
362,80,1,RhodosA,6,22,-4,1,0,2,3,2
198,20,1,AlexandriaB,22,29,10,0,0,4,7,7
198,20,2,GizahB,1,15,4,2,3,7,13,0
198,20,0,EphesosB,10,0,-2,13,7,2,2,3
273,40,2,AlexandriaA,15,22,9,16,0,0,3,5
273,40,1,EphesosB,5,19,1,1,0,12,10,1
273,40,0,GizahB,6,14,2,2,1,9,3,2
285,40,0,RhodosB,8,8,6,9,0,16,7,2
285,40,2,AlexandriaB,6,18,16,5,0,0,7,2
285,40,1,GizahB,4,23,-4,5,0,6,13,1
238,40,2,RhodosA,5,20,18,1,1,9,3,1
238,40,0,EphesosB,16,2,0,21,0,10,5,5
238,40,1,GizahB,18,8,0,5,6,4,3,6
261,40,2,AlexandriaB,16,24,6,5,0,0,7,5
261,40,0,GizahA,9,8,10,5,7,7,3,3
261,40,1,EphesosB,2,11,-4,1,0,13,10,0
274,40,0,RhodosB,23,7,12,2,2,19,7,7
274,40,2,EphesosB,1,21,8,1,0,5,10,0
274,40,1,GizahA,7,21,-4,5,1,0,15,2
199,20,0,GizahB,19,21,2,13,0,0,0,6
199,20,2,RhodosB,3,23,8,1,0,6,3,1
199,20,1,AlexandriaA,5,2,6,4,0,6,10,1
351,80,1,GizahA,4,19,12,5,0,10,8,1
351,80,2,RhodosB,6,32,-4,4,0,2,3,2
351,80,0,EphesosA,28,0,4,13,9,0,3,9
262,40,2,EphesosA,15,21,2,13,0,0,10,5
262,40,1,GizahA,4,20,13,5,3,0,8,1
262,40,0,RhodosA,29,14,1,1,4,5,3,9
239,40,0,RhodosB,10,8,16,10,1,6,3,3
239,40,2,EphesosA,3,26,-2,13,2,0,3,1
239,40,1,AlexandriaB,6,21,-2,8,0,2,7,2
253,40,0,GizahB,2,8,18,2,2,17,3,0
253,40,2,RhodosA,7,31,-1,0,7,0,10,2
253,40,1,AlexandriaA,25,16,1,2,0,5,10,8
275,40,0,AlexandriaB,10,20,0,1,0,16,7,3
275,40,2,RhodosB,8,17,11,2,5,0,7,2
275,40,1,EphesosA,13,16,3,10,0,0,10,4
309,80,2,RhodosA,11,14,14,5,1,6,3,3
309,80,1,AlexandriaB,17,23,0,5,0,5,0,5
309,80,0,EphesosB,1,6,2,5,4,3,5,0
240,40,1,GizahA,6,16,4,13,4,0,3,2
240,40,2,RhodosB,5,12,17,1,0,4,7,1
240,40,0,AlexandriaB,10,15,-3,18,0,4,0,3
286,40,1,AlexandriaA,19,21,6,4,0,0,10,6
286,40,2,RhodosA,9,14,12,4,5,5,3,3
286,40,0,EphesosB,3,15,-2,25,0,0,0,1
200,40,2,RhodosB,12,9,14,4,1,7,7,4
200,40,0,GizahB,30,17,7,1,2,0,8,10
200,40,1,EphesosA,24,17,-3,2,0,4,10,8
263,40,0,AlexandriaA,26,8,5,10,8,3,3,8
263,40,2,EphesosA,6,12,9,2,0,4,10,2
263,40,1,RhodosA,1,16,-2,5,0,6,3,0
363,80,0,AlexandriaA,17,17,7,10,0,8,3,5
363,80,1,EphesosA,4,22,-3,16,0,4,10,1
363,80,2,GizahA,1,11,14,4,2,0,15,0
201,40,2,EphesosB,8,28,6,2,0,4,10,2
201,40,1,RhodosA,4,20,11,5,3,0,3,1
201,40,0,AlexandriaB,21,0,1,21,0,4,7,7
367,80,0,AlexandriaB,17,18,6,4,0,8,7,5
367,80,1,RhodosA,2,28,-6,17,0,4,3,0
367,80,2,GizahA,5,5,18,2,3,0,15,1
187,20,1,RhodosB,7,21,9,4,0,0,7,2
187,20,2,AlexandriaA,7,25,10,2,0,0,3,2
187,20,0,EphesosB,20,9,-3,13,2,2,2,6
241,40,0,AlexandriaB,34,20,4,1,6,15,7,11
241,40,2,EphesosB,6,20,3,13,3,0,10,2
241,40,1,GizahB,2,13,9,13,0,2,13,0
287,40,2,GizahA,5,22,7,2,0,6,15,1
287,40,1,RhodosA,11,16,14,2,0,5,10,3
287,40,0,EphesosB,9,11,-3,13,7,2,5,3
335,80,0,EphesosA,23,7,4,2,2,18,10,7
335,80,1,AlexandriaA,4,22,3,13,0,0,3,1
335,80,2,RhodosA,5,16,9,2,2,3,3,1
310,80,0,RhodosB,20,13,12,1,2,15,7,6
310,80,1,GizahA,3,22,8,4,0,0,3,1
310,80,2,AlexandriaB,3,16,-4,18,1,0,0,1
276,40,2,GizahA,5,18,14,13,0,0,8,1
276,40,1,EphesosB,8,20,-1,10,2,5,10,2
276,40,0,AlexandriaA,19,12,-1,16,0,2,0,6
188,20,0,EphesosA,16,0,10,18,4,0,10,5
188,20,2,GizahB,6,29,-4,2,4,4,8,2
188,20,1,AlexandriaA,12,20,12,2,0,0,3,4
189,20,0,GizahA,17,14,3,1,3,10,15,5
189,20,1,AlexandriaA,0,27,1,21,0,0,0,0
189,20,2,RhodosB,5,14,12,1,0,9,3,1
254,40,0,EphesosB,30,6,10,10,0,0,10,10
254,40,1,AlexandriaB,7,25,1,2,2,11,0,2
254,40,2,RhodosB,1,16,1,13,0,4,0,0
190,20,1,RhodosB,14,31,3,2,3,2,0,4
190,20,2,AlexandriaA,3,12,9,5,0,4,10,1
190,20,0,EphesosA,8,0,4,16,1,10,3,2
336,80,2,GizahB,2,12,12,16,0,2,13,0
336,80,1,RhodosB,6,27,-5,18,0,0,3,2
336,80,0,AlexandriaA,20,4,9,1,6,3,10,6
311,80,0,GizahB,24,9,16,2,7,7,8,8
311,80,2,EphesosB,7,40,-2,0,0,0,10,2
311,80,1,AlexandriaA,4,2,-2,31,0,7,10,1
277,40,0,AlexandriaA,22,8,-4,10,8,6,10,7
277,40,2,RhodosA,3,23,6,4,0,5,3,1
277,40,1,GizahB,7,8,16,13,0,2,0,2
343,80,1,GizahA,32,25,0,1,3,0,15,10
343,80,0,RhodosB,8,15,11,13,3,0,7,2
343,80,2,EphesosA,9,13,3,13,0,4,10,3
364,80,0,AlexandriaB,30,11,2,4,3,10,7,10
364,80,1,RhodosB,3,9,15,4,0,4,7,1
364,80,2,EphesosB,10,18,1,5,2,0,5,3
255,40,1,RhodosB,15,17,15,5,0,3,7,5
255,40,2,GizahB,5,19,1,9,1,0,13,1
255,40,0,EphesosB,12,8,2,9,0,5,10,4
296,40,0,RhodosB,35,9,6,9,7,0,7,11
296,40,2,EphesosA,13,9,6,2,3,10,10,4
296,40,1,GizahB,2,14,6,13,0,0,8,0
264,40,0,GizahA,12,7,5,0,3,15,15,4
264,40,1,AlexandriaB,7,19,9,4,0,0,7,2
264,40,2,EphesosA,1,23,-2,10,0,0,3,0
458,160,0,RhodosB,22,18,6,13,0,7,7,7
458,160,2,GizahB,11,23,9,4,4,4,8,3
458,160,1,EphesosB,9,14,-3,13,1,0,10,3
256,40,0,GizahB,39,0,9,10,4,0,13,13
256,40,2,AlexandriaB,2,15,2,13,0,4,7,0
256,40,1,EphesosB,3,20,3,2,0,0,10,1
191,20,0,EphesosA,24,15,5,1,6,4,3,8
191,20,1,GizahB,6,18,8,10,0,0,3,2
191,20,2,RhodosA,2,17,3,5,0,12,3,0
297,40,2,AlexandriaA,2,14,16,1,3,7,10,0
297,40,0,RhodosB,30,11,6,5,5,0,7,10
297,40,1,EphesosB,13,17,-4,4,0,4,10,4
413,160,1,GizahA,9,25,11,9,0,0,3,3
413,160,2,EphesosA,13,12,9,1,0,3,10,4
413,160,0,AlexandriaB,27,14,-2,5,2,9,0,9
319,80,0,AlexandriaA,36,8,-3,10,8,5,10,12
319,80,2,EphesosA,0,12,13,13,0,2,10,0
319,80,1,GizahA,3,22,8,0,0,0,8,1
365,80,1,GizahB,7,25,6,2,0,7,8,2
365,80,0,RhodosB,14,16,16,2,2,6,3,4
365,80,2,EphesosB,15,10,-4,13,0,0,10,5
298,40,0,AlexandriaB,18,7,11,17,4,0,0,6
298,40,1,GizahA,6,23,-6,2,0,4,15,2
298,40,2,RhodosB,8,10,13,4,3,0,7,2
278,40,1,RhodosA,1,15,8,8,0,5,10,0
278,40,0,AlexandriaA,17,13,-3,16,3,6,0,5
278,40,2,EphesosB,13,14,13,1,2,5,0,4
279,40,2,EphesosB,6,22,-2,17,0,0,2,2
279,40,1,GizahA,4,23,5,5,0,0,3,1
279,40,0,RhodosA,27,2,5,1,10,6,3,9
280,40,1,GizahB,2,18,3,16,0,0,8,0
280,40,2,AlexandriaB,1,17,3,2,0,14,7,0
280,40,0,RhodosA,20,6,6,1,8,6,3,6
299,40,0,AlexandriaB,30,13,7,0,6,10,7,10
299,40,1,EphesosA,7,30,1,9,2,6,3,2
299,40,2,GizahB,3,12,8,16,0,3,3,1
320,80,0,GizahA,25,8,18,13,4,0,3,8
320,80,1,EphesosB,4,15,4,13,0,6,10,1
320,80,2,AlexandriaA,2,28,-4,5,0,4,3,0
192,20,1,RhodosA,9,28,0,1,0,5,3,3
192,20,0,EphesosA,28,0,8,4,8,0,10,9
192,20,2,GizahA,19,6,10,9,0,0,8,6
193,20,1,AlexandriaA,5,8,15,8,1,0,3,1
193,20,0,EphesosA,22,18,-4,1,1,8,3,7
193,20,2,GizahB,4,18,5,5,0,0,0,1
344,80,1,GizahB,4,14,13,1,1,6,20,1
344,80,2,AlexandriaA,6,28,-3,0,0,0,10,2
344,80,0,RhodosB,8,0,2,16,2,10,3,2
300,80,0,RhodosA,35,18,2,4,7,0,10,11
300,80,1,EphesosB,5,7,14,10,0,4,10,1
300,80,2,AlexandriaA,2,23,0,1,0,2,10,0
366,80,0,GizahB,26,0,16,0,8,10,20,8
366,80,2,AlexandriaB,1,27,0,21,0,0,7,0
366,80,1,EphesosA,17,22,2,5,0,2,10,5
414,160,0,RhodosB,8,6,18,4,0,20,7,2
414,160,1,GizahB,2,8,-3,31,0,5,13,0
414,160,2,EphesosB,17,38,-3,1,0,0,10,5
345,80,1,AlexandriaB,9,24,2,10,0,4,7,3
345,80,2,GizahA,1,21,16,2,3,4,3,0
345,80,0,EphesosB,21,8,0,4,2,6,10,7
301,80,0,GizahA,11,20,-3,1,0,14,15,3
301,80,2,RhodosA,12,11,13,13,0,2,3,4
301,80,1,EphesosB,8,14,8,1,3,5,10,2
346,80,0,EphesosB,23,14,1,13,0,7,10,7
346,80,2,GizahB,5,10,13,13,0,4,8,1
346,80,1,RhodosA,10,18,2,13,3,0,3,3
390,80,2,RhodosB,8,28,10,5,0,6,0,2
390,80,1,AlexandriaB,4,11,6,10,2,6,7,1
390,80,0,EphesosA,7,16,-4,2,0,7,3,2
347,80,0,EphesosB,22,18,-1,5,3,6,2,7
347,80,1,RhodosA,1,8,11,5,0,7,3,0
347,80,2,AlexandriaB,2,11,2,8,0,8,0,0
415,160,0,RhodosB,11,15,10,9,2,9,7,3
415,160,2,AlexandriaB,15,24,7,5,0,0,7,5
415,160,1,EphesosB,8,16,-5,2,0,11,10,2
375,80,2,AlexandriaA,1,17,11,4,0,5,10,0
375,80,0,EphesosA,28,7,-1,10,3,0,10,9
375,80,1,GizahA,5,10,4,10,3,7,3,1
321,80,0,AlexandriaA,10,21,5,1,2,7,10,3
321,80,2,RhodosA,3,23,-2,16,0,5,3,1
321,80,1,GizahB,3,8,5,5,0,6,13,1
337,80,1,GizahB,11,28,10,0,3,4,0,3
337,80,2,EphesosB,9,18,9,13,0,3,2,3
337,80,0,AlexandriaA,14,9,-3,16,2,0,3,4
312,80,0,RhodosB,34,0,16,0,5,8,7,11
312,80,1,EphesosB,12,19,6,4,2,5,5,4
312,80,2,AlexandriaB,5,19,-4,13,0,6,7,1
348,80,0,EphesosA,10,6,16,9,0,11,10,3
348,80,2,AlexandriaA,14,16,2,16,0,0,10,4
348,80,1,GizahB,4,19,0,5,0,3,8,1
376,80,1,RhodosB,4,24,13,2,0,10,0,1
376,80,2,EphesosA,5,18,7,16,0,0,0,1
376,80,0,AlexandriaA,25,2,-4,5,7,2,3,8
382,80,0,AlexandriaB,20,0,16,21,3,0,7,6
382,80,2,RhodosB,13,29,6,1,3,3,3,4
382,80,1,GizahA,8,26,-4,2,4,7,3,2
313,80,0,GizahB,24,12,2,10,2,7,8,8
313,80,2,RhodosB,6,13,16,4,0,4,7,2
313,80,1,EphesosB,6,21,0,5,0,4,10,2
338,80,0,GizahA,18,2,6,13,3,0,15,6
338,80,2,RhodosA,9,23,2,4,0,5,3,3
338,80,1,EphesosA,8,14,8,5,1,0,10,2
377,80,2,RhodosA,18,17,6,1,3,6,10,6
377,80,0,GizahA,25,17,-2,0,5,12,8,8
377,80,1,EphesosB,4,17,12,10,0,0,5,1
416,160,0,AlexandriaA,16,4,18,13,2,8,3,5
416,160,1,RhodosA,2,27,5,0,0,4,10,0
416,160,2,EphesosA,12,20,-5,21,0,0,3,4
391,80,2,RhodosB,27,24,12,2,0,0,7,9
391,80,1,GizahB,10,19,-4,8,0,0,20,3
391,80,0,EphesosA,0,12,10,8,2,0,10,0
459,160,1,EphesosB,10,10,10,25,3,0,2,3
459,160,2,AlexandriaB,14,18,7,4,0,6,7,4
459,160,0,RhodosB,0,14,-3,9,0,13,0,0
349,80,2,AlexandriaA,3,9,16,0,0,11,10,1
349,80,1,GizahB,19,16,0,2,1,0,13,6
349,80,0,RhodosA,8,16,2,5,1,0,3,2
339,80,2,AlexandriaA,11,22,13,2,0,6,10,3
339,80,0,RhodosA,5,5,1,5,0,22,10,1
339,80,1,EphesosA,6,16,2,5,2,2,10,2
302,80,0,AlexandriaA,34,7,18,2,6,0,10,11
302,80,2,EphesosB,3,24,2,13,0,0,10,1
302,80,1,GizahA,2,24,-4,10,0,10,8,0
314,80,0,GizahB,5,8,16,10,0,13,0,1
314,80,1,EphesosA,28,0,6,16,3,1,10,9
314,80,2,AlexandriaA,2,31,-4,4,0,0,3,0
352,80,2,GizahA,15,24,4,2,0,4,15,5
352,80,1,RhodosB,8,10,17,13,0,4,7,2
352,80,0,EphesosB,12,9,-3,2,2,4,5,4
417,160,0,GizahA,5,17,8,2,7,0,15,1
417,160,2,RhodosA,25,18,14,1,0,0,3,8
417,160,1,EphesosA,10,15,-4,16,0,11,3,3
378,80,0,AlexandriaA,5,17,-2,25,0,0,10,1
378,80,1,GizahA,24,11,15,5,0,7,3,8
378,80,2,EphesosB,10,15,5,5,3,5,10,3
350,80,2,AlexandriaB,12,11,18,1,0,9,7,4
350,80,0,EphesosA,18,14,-4,18,0,6,3,6
350,80,1,RhodosA,3,23,4,2,3,0,3,1
303,80,1,RhodosA,13,28,1,4,0,0,10,4
303,80,0,AlexandriaA,2,18,4,4,0,10,10,0
303,80,2,GizahB,5,9,11,1,1,14,3,1
322,80,2,EphesosB,11,20,-2,13,2,6,10,3
322,80,0,AlexandriaB,7,6,16,2,0,16,7,2
322,80,1,RhodosA,9,23,-2,2,1,7,3,3
340,80,2,EphesosB,9,24,14,5,2,0,5,3
340,80,0,AlexandriaB,21,14,-1,1,2,10,7,7
340,80,1,GizahB,10,17,-1,10,0,4,3,3
392,80,0,GizahA,0,10,6,13,0,4,15,0
392,80,2,AlexandriaB,2,21,6,5,0,9,0,0
392,80,1,RhodosA,5,16,6,1,1,6,0,1
353,80,0,EphesosB,23,0,-4,13,6,23,10,7
353,80,1,RhodosB,3,39,7,5,0,0,0,1
353,80,2,AlexandriaA,10,16,13,1,0,0,10,3
315,80,2,GizahA,5,24,15,0,0,6,8,1
315,80,1,RhodosA,0,13,5,28,0,0,3,0
315,80,0,AlexandriaB,25,5,-2,2,5,10,7,8
316,80,1,GizahB,21,11,11,4,0,4,13,7
316,80,2,EphesosB,5,19,4,5,0,6,10,1
316,80,0,RhodosA,3,18,-3,8,4,7,0,1
354,80,1,AlexandriaA,3,22,1,10,0,0,10,1
354,80,0,RhodosB,19,16,3,4,3,8,3,6
354,80,2,GizahB,4,6,14,18,0,4,0,1
341,80,1,GizahB,12,11,14,1,4,0,20,4
341,80,2,RhodosB,3,9,0,25,2,0,0,1
341,80,0,AlexandriaB,16,12,2,1,4,4,7,5
379,80,1,RhodosA,10,13,12,0,0,13,10,3
379,80,0,GizahA,8,12,12,18,3,0,3,2
379,80,2,AlexandriaB,3,22,-6,2,0,4,7,1
317,80,1,EphesosB,8,12,17,13,0,0,5,2
317,80,2,RhodosB,15,18,4,10,0,0,7,5
317,80,0,AlexandriaA,14,3,-3,4,3,12,3,4
460,160,2,EphesosA,6,26,4,1,0,5,10,2
460,160,1,GizahA,3,15,14,10,0,0,8,1
460,160,0,AlexandriaA,12,8,-2,2,0,22,10,4
342,80,2,AlexandriaA,13,14,12,4,0,7,10,4
342,80,1,EphesosA,16,18,0,18,2,0,3,5
342,80,0,RhodosB,21,8,6,5,6,0,7,7
383,80,0,GizahB,16,14,10,1,3,5,8,5
383,80,1,EphesosA,8,8,12,13,0,0,10,2
383,80,2,AlexandriaB,2,29,-4,5,0,5,0,0
393,80,1,GizahA,13,13,13,1,0,5,15,4
393,80,0,AlexandriaA,15,22,-4,10,4,0,0,5
393,80,2,EphesosB,6,5,7,8,0,5,5,2
323,80,0,GizahA,21,8,10,10,4,11,8,7
323,80,1,EphesosA,18,28,-6,16,4,0,3,6
323,80,2,RhodosB,4,19,14,0,0,10,7,1
429,160,2,AlexandriaB,14,24,4,5,0,4,7,4
429,160,1,RhodosA,5,20,17,4,1,0,3,1
429,160,0,EphesosA,6,0,-3,21,2,5,0,2
394,80,1,GizahB,14,3,13,10,0,7,8,4
394,80,2,EphesosA,16,17,2,10,0,0,10,5
394,80,0,RhodosA,9,12,1,9,4,0,3,3
484,160,0,GizahA,32,7,-4,13,5,0,15,10
484,160,2,RhodosB,5,8,16,5,0,14,0,1
484,160,1,EphesosA,4,28,6,2,0,0,3,1
384,80,0,RhodosB,27,15,8,2,4,7,7,9
384,80,1,AlexandriaB,0,10,16,5,0,3,7,0
384,80,2,GizahA,7,15,-6,10,3,0,15,2
461,160,1,RhodosA,15,21,14,4,0,5,3,5
461,160,0,GizahA,1,11,4,1,1,11,3,0
461,160,2,AlexandriaA,3,12,-2,2,0,3,10,1
318,80,2,AlexandriaA,11,14,13,4,0,6,10,3
318,80,1,RhodosA,6,23,8,1,2,0,3,2
318,80,0,GizahA,6,7,-3,5,5,4,3,2
395,80,1,RhodosB,4,28,12,8,0,3,3,1
395,80,0,AlexandriaA,31,0,4,4,4,13,10,10
395,80,2,EphesosB,3,23,-4,1,0,7,10,1
324,80,0,AlexandriaB,14,11,4,18,0,6,0,4
324,80,2,RhodosA,15,14,14,4,2,0,3,5
324,80,1,GizahB,10,17,0,9,2,0,8,3
485,160,2,RhodosB,19,17,15,5,0,7,7,6
485,160,0,AlexandriaA,15,16,2,1,2,9,3,5
485,160,1,EphesosA,10,13,1,10,0,0,10,3
325,80,2,EphesosA,9,17,15,18,0,0,10,3
325,80,1,GizahB,14,26,-5,4,2,3,8,4
325,80,0,AlexandriaB,17,4,8,5,3,12,0,5
385,80,0,EphesosB,33,14,1,18,7,0,10,11
385,80,2,GizahA,0,9,11,13,0,7,15,0
385,80,1,AlexandriaA,10,19,6,2,0,4,10,3
430,160,1,GizahB,8,13,17,9,2,0,8,2
430,160,2,AlexandriaA,15,20,0,4,0,5,10,5
430,160,0,RhodosA,6,0,1,2,5,17,3,2
368,80,0,EphesosB,3,10,8,13,0,10,2,1
368,80,1,RhodosB,12,7,14,9,0,3,0,4
368,80,2,AlexandriaB,4,30,-4,5,4,0,0,1
386,80,0,EphesosB,20,11,5,9,0,5,10,6
386,80,1,GizahB,10,12,-2,4,1,0,20,3
386,80,2,RhodosB,0,18,5,10,0,3,0,0
396,80,0,GizahB,9,13,13,1,0,18,3,3
396,80,1,EphesosA,8,20,3,2,0,7,10,2
396,80,2,AlexandriaB,13,13,-2,16,0,1,7,4
406,160,0,EphesosA,19,11,6,2,3,12,10,6
406,160,2,GizahA,8,21,8,10,3,0,3,2
406,160,1,RhodosB,20,15,2,4,3,0,7,6
369,80,0,EphesosB,22,8,14,5,4,7,5,7
369,80,1,RhodosB,8,22,9,1,0,0,7,2
369,80,2,GizahB,9,6,-5,2,0,11,20,3
418,160,1,EphesosB,7,23,12,5,0,0,2,2
418,160,2,GizahB,13,10,10,16,0,0,0,4
418,160,0,AlexandriaA,17,10,-4,4,1,3,10,5
486,160,1,EphesosB,14,12,16,9,3,6,10,4
486,160,0,RhodosA,21,6,6,16,1,5,3,7
486,160,2,AlexandriaA,0,30,-4,0,0,6,10,0
397,80,1,GizahA,4,25,3,0,0,6,15,1
397,80,2,RhodosB,12,20,6,5,0,0,7,4
397,80,0,AlexandriaB,17,2,3,5,6,8,0,5
444,160,0,EphesosA,19,0,10,13,3,9,10,6
444,160,2,RhodosA,15,20,9,4,0,4,3,5
444,160,1,AlexandriaA,3,33,-3,10,0,0,3,1
419,160,2,AlexandriaB,5,16,10,2,0,10,7,1
419,160,0,GizahA,25,12,-2,13,5,0,8,8
419,160,1,RhodosB,9,19,4,1,3,10,0,3
380,80,0,RhodosB,26,2,12,13,0,19,3,8
380,80,2,EphesosA,10,35,-5,4,0,0,10,3
380,80,1,GizahB,9,5,11,1,7,0,20,3
387,80,2,RhodosB,5,32,17,4,2,0,0,1
387,80,1,EphesosB,10,12,4,21,3,0,10,3
387,80,0,AlexandriaB,27,6,-3,2,0,19,7,9
407,160,1,AlexandriaB,11,29,3,1,0,4,7,3
407,160,2,RhodosA,3,15,14,5,0,0,3,1
407,160,0,EphesosA,12,2,1,4,1,13,3,4
445,160,0,EphesosA,21,10,4,16,0,5,3,7
445,160,2,RhodosA,6,20,9,0,4,6,3,2
445,160,1,GizahA,3,25,3,1,0,9,3,1
420,160,0,GizahB,12,14,12,2,3,17,0,4
420,160,2,RhodosA,13,17,8,5,0,0,10,4
420,160,1,EphesosA,1,16,-4,20,0,5,3,0
388,80,0,EphesosA,1,10,18,31,0,0,0,0
388,80,2,GizahA,4,19,2,10,0,10,3,1
388,80,1,AlexandriaA,10,22,-4,2,4,0,3,3
381,80,2,AlexandriaA,12,24,18,5,2,0,3,4
381,80,1,EphesosB,6,29,4,4,0,0,10,2
381,80,0,RhodosB,18,0,-4,26,3,9,0,6
408,160,0,GizahA,10,13,3,17,1,8,3,3
408,160,1,EphesosA,9,11,15,8,0,0,10,3
408,160,2,AlexandriaA,12,31,-4,1,3,5,3,4
389,80,0,RhodosA,13,11,9,16,0,6,0,4
389,80,1,AlexandriaA,0,22,9,0,0,0,10,0
389,80,2,GizahA,6,12,-6,13,1,0,3,2
437,160,0,RhodosB,13,0,9,25,1,11,3,4
437,160,1,EphesosA,15,30,6,4,0,2,3,5
437,160,2,GizahB,1,21,-3,2,0,0,20,0
487,160,0,AlexandriaA,23,19,-2,0,0,21,10,7
487,160,1,EphesosB,6,15,5,5,0,5,10,2
487,160,2,GizahA,5,10,15,2,2,0,8,1
355,80,1,GizahA,1,16,10,13,0,0,8,0
355,80,2,AlexandriaB,5,25,-1,5,1,0,7,1
355,80,0,EphesosB,29,0,-1,4,6,5,5,9
409,160,0,AlexandriaA,2,13,5,16,3,7,10,0
409,160,1,RhodosA,4,23,4,5,2,6,3,1
409,160,2,GizahA,4,19,9,2,0,3,8,1
356,80,1,AlexandriaB,6,20,10,2,0,6,7,2
356,80,2,EphesosA,9,12,-1,13,0,9,10,3
356,80,0,RhodosA,16,19,-1,10,3,3,3,5
431,160,0,GizahA,24,19,1,0,4,5,8,8
431,160,1,AlexandriaB,4,17,11,13,0,3,0,1
431,160,2,EphesosA,11,11,6,9,0,3,10,3
438,160,0,RhodosB,39,11,0,13,6,7,7,13
438,160,1,GizahA,1,20,2,16,0,6,8,0
438,160,2,EphesosA,1,17,16,2,2,0,10,0
357,80,0,EphesosA,24,6,10,10,2,4,3,8
357,80,2,GizahA,2,17,6,5,0,7,3,0
357,80,1,RhodosB,5,18,-4,10,3,5,0,1
446,160,2,GizahB,1,20,17,4,2,3,3,0
446,160,1,AlexandriaB,2,20,4,5,0,5,7,0
446,160,0,EphesosA,22,8,-3,2,0,14,10,7
421,160,0,EphesosB,28,8,-4,13,4,7,10,9
421,160,2,AlexandriaA,3,19,10,8,3,0,3,1
421,160,1,RhodosA,5,15,12,0,2,0,3,1
476,160,0,GizahA,7,6,10,17,0,5,8,2
476,160,2,AlexandriaB,2,29,-5,1,0,13,7,0
476,160,1,RhodosA,9,13,11,1,4,0,3,3
488,160,2,AlexandriaA,10,16,7,16,3,0,10,3
488,160,1,RhodosA,5,21,14,4,0,6,3,1
488,160,0,EphesosA,17,8,-3,5,8,7,0,5
432,160,1,EphesosA,26,19,0,1,0,8,10,8
432,160,0,RhodosA,3,9,0,1,0,23,10,1
432,160,2,GizahB,4,8,18,9,0,3,3,1
358,80,0,GizahA,23,12,12,5,0,0,15,7
358,80,1,AlexandriaA,3,17,8,4,0,6,10,1
358,80,2,EphesosB,7,17,-4,13,7,0,10,2
326,80,1,GizahA,18,4,11,2,0,5,8,6
326,80,2,EphesosB,3,21,-1,13,1,0,0,1
326,80,0,RhodosB,35,0,2,0,2,4,7,11
439,160,2,RhodosA,13,24,13,0,5,0,10,4
439,160,0,AlexandriaB,6,12,7,10,0,20,0,2
439,160,1,GizahB,10,19,-4,5,0,1,20,3
492,160,0,EphesosB,16,17,-2,4,0,12,10,5
492,160,1,RhodosA,10,17,6,1,3,6,10,3
492,160,2,GizahA,6,3,14,10,4,0,8,2
447,160,1,AlexandriaB,8,6,11,18,0,6,0,2
447,160,2,RhodosB,10,22,2,1,0,5,7,3
447,160,0,GizahA,18,8,-1,4,6,0,15,6
410,160,0,RhodosA,5,21,5,1,0,5,10,1
410,160,1,EphesosB,4,14,8,13,2,0,5,1
410,160,2,AlexandriaB,15,15,1,5,0,5,7,5
440,160,0,EphesosB,29,16,-4,10,7,0,10,9
440,160,1,RhodosA,7,25,8,5,0,0,3,2
440,160,2,GizahA,4,10,14,2,1,5,3,1
468,160,0,RhodosB,27,11,8,1,8,8,7,9
468,160,1,AlexandriaA,6,3,15,13,0,0,10,2
468,160,2,GizahA,5,29,-5,2,0,0,8,1
477,160,1,GizahA,7,22,8,8,3,6,3,2
477,160,2,EphesosB,2,14,10,5,0,0,10,0
477,160,0,AlexandriaA,24,13,0,2,3,8,3,8
489,160,2,GizahA,7,28,9,0,0,5,15,2
489,160,1,RhodosA,8,18,11,13,0,0,0,2
489,160,0,EphesosA,29,6,-2,0,7,16,3,9
433,160,0,RhodosA,19,17,18,2,0,4,3,6
433,160,2,AlexandriaB,0,26,-3,1,2,6,7,0
433,160,1,EphesosA,11,12,-3,8,3,0,10,3
411,160,2,RhodosB,23,15,14,2,0,3,7,7
411,160,1,EphesosB,12,16,4,5,3,6,10,4
411,160,0,GizahA,3,10,-2,5,0,11,3,1
478,160,0,RhodosA,26,4,18,2,3,13,3,8
478,160,2,EphesosA,17,21,2,2,3,0,10,5
478,160,1,GizahB,5,21,-4,2,2,4,8,1
441,160,0,RhodosB,18,10,9,13,3,7,0,6
441,160,1,AlexandriaA,4,8,9,13,0,0,10,1
441,160,2,EphesosA,9,20,-6,5,0,0,10,3
434,160,1,RhodosB,1,30,5,10,0,6,3,0
434,160,2,AlexandriaA,13,12,15,0,3,8,10,4
434,160,0,GizahA,23,13,-2,13,4,0,3,7
490,160,0,GizahA,33,0,6,0,7,15,15,11
490,160,1,AlexandriaB,3,15,14,8,2,7,7,1
490,160,2,EphesosB,2,26,-2,10,0,0,10,0
493,160,0,EphesosB,15,0,13,13,0,5,5,5
493,160,2,AlexandriaA,2,31,0,5,0,0,3,0
493,160,1,RhodosA,6,15,1,4,2,2,3,2
462,160,1,EphesosB,27,29,8,4,0,0,10,9
462,160,0,AlexandriaA,7,10,-3,4,0,29,10,2
462,160,2,RhodosB,5,8,11,18,3,0,7,1
398,80,2,EphesosA,22,6,14,5,0,15,10,7
398,80,1,RhodosB,4,28,-2,13,0,0,7,1
398,80,0,AlexandriaA,19,10,4,1,9,3,10,6
399,80,0,RhodosB,3,7,17,26,0,6,3,1
399,80,2,GizahA,14,26,4,4,0,12,8,4
399,80,1,EphesosB,9,22,-3,2,0,4,10,3
494,160,0,RhodosB,11,18,6,1,3,12,7,3
494,160,1,AlexandriaB,15,17,2,1,0,11,7,5
494,160,2,GizahB,0,6,8,13,2,0,8,0
442,160,1,AlexandriaB,3,27,0,16,0,4,0,1
442,160,0,GizahB,19,25,0,0,2,10,3,6
442,160,2,RhodosB,2,0,18,20,1,0,0,0
463,160,2,EphesosB,9,27,1,1,0,6,10,3
463,160,1,GizahB,20,10,13,4,0,8,3,6
463,160,0,RhodosA,1,12,2,21,1,0,3,0
491,160,2,AlexandriaB,9,27,8,1,4,0,7,3
491,160,1,GizahB,6,18,-4,18,0,0,8,2
491,160,0,RhodosA,22,5,8,1,3,14,3,7
469,160,1,AlexandriaA,28,20,3,1,0,0,10,9
469,160,2,GizahA,13,16,3,9,2,0,8,4
469,160,0,EphesosB,3,0,6,10,2,10,5,1
400,160,0,EphesosB,28,7,18,1,4,7,5,9
400,160,1,GizahA,5,26,-6,21,0,0,3,1
400,160,2,AlexandriaB,3,19,6,1,2,5,7,1
479,160,0,AlexandriaA,25,20,-3,13,3,0,10,8
479,160,1,EphesosB,4,13,16,5,0,6,2,1
479,160,2,RhodosA,3,22,3,2,3,4,0,1
470,160,1,RhodosB,16,21,11,5,0,6,3,5
470,160,2,GizahB,10,29,-3,4,0,0,8,3
470,160,0,EphesosB,3,5,4,13,0,6,10,1
495,160,2,EphesosB,17,24,6,13,0,0,2,5
495,160,1,AlexandriaB,10,7,14,0,3,12,7,3
495,160,0,GizahB,11,7,-2,10,4,3,0,3
412,160,2,GizahA,10,22,1,10,3,0,15,3
412,160,1,RhodosA,6,15,8,1,0,3,10,2
412,160,0,AlexandriaB,15,8,7,2,3,4,0,5
464,160,0,GizahA,7,7,16,2,3,14,3,2
464,160,2,EphesosA,0,20,6,13,0,0,3,0
464,160,1,AlexandriaA,16,18,-4,5,2,0,10,5
422,160,0,AlexandriaB,18,15,9,4,0,6,7,6
422,160,2,RhodosB,6,15,10,4,2,7,7,2
422,160,1,GizahB,4,25,-3,4,0,2,8,1
401,160,0,RhodosB,15,0,17,5,2,17,3,5
401,160,1,AlexandriaA,8,20,7,4,2,4,10,2
401,160,2,GizahB,11,23,-6,13,0,0,8,3
471,160,0,RhodosB,26,12,-3,10,6,7,7,8
471,160,2,EphesosB,6,15,9,4,0,6,5,2
471,160,1,AlexandriaB,1,19,10,5,0,0,7,0
465,160,0,RhodosA,13,0,17,4,3,7,10,4
465,160,2,AlexandriaA,20,17,3,4,0,0,10,6
465,160,1,GizahA,3,26,-2,1,2,5,3,1
496,160,0,GizahB,25,3,5,2,9,6,20,8
496,160,1,EphesosA,16,17,9,18,0,0,3,5
496,160,2,RhodosA,3,15,4,5,3,7,3,1
480,160,0,AlexandriaB,13,12,1,18,1,7,7,4
480,160,2,EphesosB,6,7,12,5,1,4,10,2
480,160,1,RhodosA,9,25,1,1,0,0,10,3
472,160,0,GizahB,34,12,12,1,4,0,20,11
472,160,2,AlexandriaB,2,28,12,2,0,0,7,0
472,160,1,EphesosA,2,15,-6,5,0,4,10,0
402,160,1,AlexandriaB,12,15,16,2,3,0,7,4
402,160,0,EphesosB,20,8,0,10,3,6,5,6
402,160,2,RhodosA,6,18,2,4,0,0,10,2
443,160,0,EphesosB,19,14,18,1,7,5,10,6
443,160,1,GizahB,13,24,-5,13,0,3,8,4
443,160,2,AlexandriaB,8,14,5,18,0,5,0,2
423,160,0,GizahB,25,11,2,13,4,4,8,8
423,160,2,AlexandriaB,13,21,9,1,3,3,7,4
423,160,1,EphesosB,6,12,1,10,0,10,10,2
497,160,0,GizahB,15,6,4,4,4,5,20,5
497,160,2,AlexandriaA,12,26,-2,5,0,5,10,4
497,160,1,EphesosA,4,16,10,4,0,0,10,1
466,160,2,RhodosB,10,26,12,0,1,4,3,3
466,160,1,AlexandriaB,4,16,0,31,0,0,0,1
466,160,0,EphesosA,17,6,4,13,4,0,10,5
481,160,1,GizahA,22,11,16,2,0,10,3,7
481,160,2,EphesosB,7,19,0,5,0,0,10,2
481,160,0,RhodosB,5,14,2,10,4,0,3,1
403,160,0,GizahB,7,11,18,2,2,8,8,2
403,160,1,RhodosB,28,9,-1,13,0,4,7,9
403,160,2,EphesosA,5,20,1,0,0,6,10,1
467,160,2,RhodosB,9,31,18,2,0,0,3,3
467,160,1,GizahB,6,18,0,9,1,12,0,2
467,160,0,EphesosB,21,0,0,10,3,2,2,7
482,160,0,AlexandriaB,31,6,16,1,7,6,7,10
482,160,1,EphesosB,8,28,-6,10,0,4,10,2
482,160,2,GizahA,6,10,8,2,3,0,15,2
424,160,0,EphesosB,22,6,16,4,2,9,2,7
424,160,2,AlexandriaB,10,20,-2,8,3,2,7,3
424,160,1,RhodosA,10,21,-2,10,0,5,3,3
435,160,0,AlexandriaA,10,17,7,10,0,6,10,3
435,160,1,GizahB,19,14,1,1,4,5,20,6
435,160,2,EphesosA,5,12,8,13,0,3,10,1
370,80,0,GizahB,7,18,2,5,8,8,8,2
370,80,2,EphesosA,7,9,15,4,0,5,10,2
370,80,1,AlexandriaA,19,17,1,2,0,6,10,6
483,160,0,AlexandriaB,15,12,1,10,3,15,7,5
483,160,1,RhodosB,7,13,14,8,0,4,7,2
483,160,2,GizahA,4,30,3,1,0,4,3,1
371,80,0,RhodosB,11,26,2,10,0,7,3,3
371,80,1,GizahA,7,11,16,2,1,4,3,2
371,80,2,AlexandriaA,8,18,0,2,2,0,10,2
425,160,0,EphesosB,31,9,16,4,2,10,5,10
425,160,1,RhodosA,7,20,6,18,0,4,3,2
425,160,2,GizahB,6,26,-4,2,3,0,8,2
473,160,0,GizahB,22,16,-2,0,8,13,13,7
473,160,2,AlexandriaB,8,18,8,13,0,0,7,2
473,160,1,RhodosA,0,10,10,5,3,0,3,0
372,80,2,RhodosB,10,17,14,2,0,4,3,3
372,80,0,EphesosA,3,8,8,10,0,12,3,1
372,80,1,GizahB,3,24,-6,10,0,0,8,1
426,160,0,EphesosB,19,13,6,1,3,11,10,6
426,160,2,AlexandriaA,7,22,18,4,0,0,3,2
426,160,1,GizahB,22,6,-6,18,2,0,8,7
498,160,0,AlexandriaB,21,17,-3,10,3,6,7,7
498,160,1,RhodosB,7,20,8,13,1,0,3,2
498,160,2,GizahB,3,14,13,0,0,10,8,1
448,160,0,RhodosA,13,8,2,16,3,8,10,4
448,160,1,GizahA,9,21,1,1,7,8,8,3
448,160,2,AlexandriaB,1,13,15,13,0,0,7,0
427,160,1,AlexandriaB,0,31,7,5,0,0,7,0
427,160,0,GizahB,31,6,-4,0,7,14,13,10
427,160,2,RhodosA,5,4,13,2,0,0,10,1
428,160,0,EphesosA,21,0,4,4,2,13,10,7
428,160,2,RhodosB,9,23,-2,5,1,2,3,3
428,160,1,GizahA,6,14,10,2,2,0,3,2
474,160,1,RhodosB,3,16,14,4,0,11,3,1
474,160,2,EphesosA,4,21,3,13,0,0,10,1
474,160,0,AlexandriaB,29,12,1,2,7,6,7,9
449,160,2,EphesosB,4,18,9,21,0,2,2,1
449,160,0,GizahA,16,15,4,10,8,0,8,5
449,160,1,AlexandriaB,11,22,3,2,0,6,7,3
436,160,2,RhodosB,12,16,16,10,0,2,0,4
436,160,1,EphesosA,6,34,-4,4,1,0,10,2
436,160,0,AlexandriaB,34,0,0,10,3,12,0,11
475,160,0,RhodosB,20,8,7,10,2,9,7,6
475,160,1,EphesosB,16,31,-4,2,0,0,10,5
475,160,2,GizahA,6,16,11,2,3,0,3,2
404,160,2,AlexandriaB,14,22,17,1,0,7,7,4
404,160,1,GizahA,4,19,4,9,0,5,8,1
404,160,0,RhodosA,3,10,-3,8,3,10,0,1
450,160,0,EphesosA,20,6,10,9,5,4,3,6
450,160,1,GizahB,0,32,-5,13,0,0,3,0
450,160,2,RhodosA,13,9,11,4,0,0,10,4
451,160,0,RhodosA,14,6,16,2,4,10,3,4
451,160,1,AlexandriaB,7,29,0,1,0,4,0,2
451,160,2,EphesosA,6,15,-4,5,0,7,10,2
405,160,1,AlexandriaA,3,16,7,10,0,2,10,1
405,160,2,GizahB,17,17,7,2,0,0,13,5
405,160,0,EphesosA,29,5,-2,1,6,9,3,9
373,80,2,RhodosB,15,15,14,13,0,0,0,5
373,80,1,AlexandriaB,2,28,4,5,0,10,0,0
373,80,0,EphesosA,4,12,-2,13,0,2,0,1
374,80,1,AlexandriaA,0,23,9,4,0,8,10,0
374,80,2,GizahA,8,18,11,16,0,0,3,2
374,80,0,RhodosA,21,2,-2,5,6,6,3,7
499,160,0,GizahB,16,5,5,1,6,25,13,5
499,160,2,AlexandriaB,6,23,9,1,2,0,7,2
499,160,1,EphesosB,10,23,4,2,0,0,10,3
565,320,2,GizahB,5,18,14,1,0,10,13,1
565,320,1,EphesosB,25,23,0,10,3,0,10,8
565,320,0,RhodosB,9,7,4,16,3,5,7,3
532,320,0,GizahA,25,17,9,1,4,0,15,8
532,320,2,RhodosB,2,11,12,13,2,7,7,0
532,320,1,AlexandriaB,12,22,-5,4,3,6,0,4
540,320,1,RhodosB,21,13,15,4,4,0,7,7
540,320,0,GizahB,20,16,8,2,0,9,0,6
540,320,2,AlexandriaA,1,20,-5,10,1,4,10,0
544,320,0,AlexandriaA,9,6,7,25,0,0,10,3
544,320,1,EphesosB,30,17,-4,4,2,8,10,10
544,320,2,RhodosA,9,23,13,1,0,0,3,3
521,320,0,AlexandriaA,17,13,6,13,0,9,10,5
521,320,1,EphesosB,3,19,8,9,2,1,2,1
521,320,2,GizahB,1,18,2,1,0,0,20,0
528,320,0,GizahB,5,11,16,10,0,5,8,1
528,320,2,EphesosB,4,13,0,13,0,8,10,1
528,320,1,AlexandriaB,21,25,-4,5,2,0,7,7
578,320,1,RhodosA,5,11,11,25,3,0,3,1
578,320,0,EphesosA,27,15,-3,1,0,14,10,9
578,320,2,GizahA,1,20,10,5,0,0,3,0
507,320,2,GizahA,2,28,12,1,0,7,3,0
507,320,0,EphesosA,8,18,-2,26,2,0,3,2
507,320,1,AlexandriaB,8,9,8,4,0,4,7,2
533,320,0,EphesosA,28,14,12,10,4,0,3,9
533,320,1,AlexandriaB,3,24,8,5,0,0,7,1
533,320,2,GizahB,2,13,-4,8,0,12,8,0
590,320,0,AlexandriaA,28,6,-1,13,3,5,10,9
590,320,1,EphesosA,10,19,1,13,2,0,3,3
590,320,2,RhodosB,2,20,16,2,0,0,3,0
529,320,0,RhodosB,16,6,-2,26,0,7,7,5
529,320,2,AlexandriaB,20,16,7,1,0,1,7,6
529,320,1,GizahB,2,9,11,4,0,0,13,0
566,320,0,AlexandriaB,26,6,16,0,7,13,7,8
566,320,1,GizahA,3,29,6,5,0,5,3,1
566,320,2,EphesosA,4,20,-4,13,2,5,3,1
541,320,0,AlexandriaB,24,17,3,10,3,10,7,8
541,320,2,EphesosA,12,12,14,5,0,6,10,4
541,320,1,GizahB,8,15,1,0,1,0,20,2
545,320,0,RhodosA,23,5,18,2,2,3,10,7
545,320,1,EphesosB,3,18,5,2,0,4,10,1
545,320,2,GizahA,3,18,-5,5,0,5,15,1
508,320,0,RhodosB,10,6,17,1,1,17,3,3
508,320,1,AlexandriaA,6,12,4,17,0,0,10,2
508,320,2,EphesosB,16,26,-3,5,0,0,10,5
585,320,0,AlexandriaB,33,6,18,13,1,3,7,11
585,320,1,EphesosB,6,27,5,1,3,0,10,2
585,320,2,GizahA,2,7,-5,21,0,5,3,0
522,320,0,RhodosA,23,13,12,1,2,13,3,7
522,320,1,EphesosA,2,30,-5,10,0,0,10,0
522,320,2,GizahA,7,6,11,5,3,9,3,2
579,320,2,RhodosA,4,24,13,1,0,0,10,1
579,320,1,AlexandriaA,4,6,7,13,2,8,3,1
579,320,0,EphesosA,25,17,-4,5,3,0,10,8
586,320,0,RhodosB,18,18,12,5,0,4,7,6
586,320,1,EphesosA,4,9,8,13,0,13,3,1
586,320,2,GizahB,7,21,-4,4,2,0,8,2
591,320,1,EphesosA,13,29,10,0,0,0,10,4
591,320,0,GizahA,14,0,-4,38,5,0,8,4
591,320,2,RhodosB,2,8,12,4,0,16,0,0
567,320,0,AlexandriaB,13,7,18,5,0,9,7,4
567,320,1,RhodosA,2,18,6,5,0,5,3,0
567,320,2,GizahA,3,22,-6,5,2,0,3,1
506,320,0,RhodosA,17,9,9,1,5,7,10,5
506,320,1,GizahB,7,18,3,1,0,9,8,2
506,320,2,AlexandriaA,8,13,4,2,1,3,3,2
523,320,1,EphesosA,16,10,6,10,0,3,10,5
523,320,0,RhodosA,11,8,2,9,3,16,3,3
523,320,2,AlexandriaA,2,26,6,5,0,0,3,0
584,320,0,GizahB,6,14,12,13,0,6,0,2
584,320,1,RhodosB,2,28,-1,13,0,0,0,0
584,320,2,AlexandriaA,10,0,7,5,0,11,10,3
543,320,1,RhodosA,22,17,14,13,0,0,3,7
543,320,2,EphesosB,1,26,1,9,0,4,10,0
543,320,0,AlexandriaB,11,12,3,2,1,7,0,3
531,320,0,EphesosB,35,12,8,1,7,6,10,11
531,320,2,RhodosA,0,25,-5,17,0,5,3,0
531,320,1,GizahA,7,12,15,5,2,0,8,2
563,320,0,GizahA,12,14,12,4,5,8,3,4
563,320,2,AlexandriaA,9,31,-6,9,0,0,10,3
563,320,1,EphesosA,6,5,12,2,0,8,3,2
580,320,1,AlexandriaB,13,29,11,0,0,0,7,4
580,320,0,GizahB,14,20,-3,0,6,9,13,4
580,320,2,EphesosB,4,6,10,13,0,0,10,1
530,320,0,RhodosB,24,11,10,5,5,5,3,8
530,320,1,AlexandriaA,16,11,-3,17,0,0,10,5
530,320,2,EphesosA,4,14,9,1,0,0,10,1
548,320,2,RhodosA,27,9,17,5,0,0,3,9
548,320,0,GizahB,11,22,-3,1,3,5,8,3
548,320,1,EphesosB,11,16,4,5,2,0,5,3
576,320,2,RhodosB,9,20,10,8,0,5,3,3
576,320,0,GizahA,14,6,-2,1,9,12,15,4
576,320,1,AlexandriaB,7,29,4,2,0,0,7,2
515,320,0,EphesosB,39,0,7,16,5,0,10,13
515,320,2,AlexandriaB,5,22,-6,5,0,12,7,1
515,320,1,RhodosA,4,12,17,1,0,0,3,1
526,320,0,RhodosB,20,11,18,13,3,0,3,6
526,320,2,AlexandriaA,2,13,6,2,0,12,10,0
526,320,1,EphesosA,10,19,-6,4,0,3,10,3
549,320,0,AlexandriaB,25,8,16,5,2,13,0,8
549,320,1,EphesosB,5,22,-4,8,0,0,10,1
549,320,2,RhodosA,4,11,0,1,0,8,3,1
510,320,0,EphesosB,17,8,8,10,3,15,10,5
510,320,2,AlexandriaA,8,22,14,10,0,0,3,2
510,320,1,GizahB,10,19,-6,9,5,1,8,3
592,320,0,EphesosA,16,8,7,26,4,7,3,5
592,320,2,GizahA,3,31,-4,1,2,4,15,1
592,320,1,AlexandriaB,5,16,13,5,0,5,0,1
516,320,1,AlexandriaB,6,16,9,9,3,12,7,2
516,320,2,GizahA,20,23,11,1,0,0,8,6
516,320,0,EphesosA,9,6,-2,16,5,10,10,3
577,320,0,EphesosA,17,20,-3,10,0,16,10,5
577,320,2,GizahB,9,20,3,5,0,0,13,3
577,320,1,RhodosB,5,15,16,2,4,3,3,1
527,320,1,GizahA,14,21,16,2,2,0,8,4
527,320,2,EphesosA,13,21,2,4,2,0,10,4
527,320,0,RhodosA,4,13,0,10,0,9,3,1
511,320,0,RhodosB,24,9,2,2,6,14,7,8
511,320,2,AlexandriaA,4,9,7,26,0,0,3,1
511,320,1,GizahB,7,24,9,1,0,6,0,2
517,320,0,GizahA,22,15,0,10,2,6,3,7
517,320,2,RhodosA,4,10,16,5,0,0,0,1
517,320,1,AlexandriaB,0,22,-4,13,0,0,0,0
525,320,2,AlexandriaB,0,15,2,31,0,0,7,0
525,320,1,RhodosB,6,25,8,1,0,5,7,2
525,320,0,GizahB,25,10,2,0,5,9,13,8
588,320,0,GizahA,18,14,7,1,8,0,15,6
588,320,1,EphesosB,11,19,11,2,0,0,10,3
588,320,2,AlexandriaA,5,13,-4,5,0,10,10,1
534,320,2,RhodosA,3,8,14,10,0,0,10,1
534,320,1,GizahA,11,22,4,1,3,0,8,3
534,320,0,EphesosA,41,6,-2,2,3,5,10,13
513,320,0,GizahB,17,8,2,0,9,5,20,5
513,320,1,AlexandriaB,7,10,15,5,0,4,7,2
513,320,2,EphesosA,10,16,1,10,2,0,10,3
564,320,0,AlexandriaB,35,0,12,1,3,16,7,11
564,320,2,RhodosB,2,19,5,16,0,4,3,0
564,320,1,EphesosB,8,28,-3,4,3,0,2,2
575,320,2,AlexandriaB,12,24,12,1,3,5,7,4
575,320,1,GizahA,5,13,10,2,0,4,15,1
575,320,0,RhodosA,9,11,-4,13,0,8,3,3
589,320,2,AlexandriaA,2,12,14,10,0,8,10,0
589,320,0,GizahA,8,8,4,0,0,11,15,2
589,320,1,RhodosB,15,23,-4,5,1,0,7,5
509,320,2,GizahB,2,12,18,4,0,6,8,0
509,320,0,EphesosB,22,8,6,0,3,12,10,7
509,320,1,RhodosA,4,35,-6,10,0,0,3,1
514,320,2,EphesosB,5,24,15,2,0,0,10,1
514,320,0,GizahB,19,0,-1,1,2,20,20,6
514,320,1,RhodosA,9,16,2,13,3,0,10,3
562,320,0,AlexandriaA,16,8,0,13,1,13,3,5
562,320,1,GizahA,6,19,10,2,1,4,3,2
562,320,2,RhodosA,10,17,8,2,3,3,3,3
546,320,0,GizahA,20,5,9,1,3,16,15,6
546,320,2,AlexandriaB,11,17,10,4,0,7,7,3
546,320,1,EphesosA,1,25,-5,5,3,0,10,0
547,320,0,AlexandriaA,29,15,8,1,5,7,10,9
547,320,1,GizahA,5,27,-5,20,0,3,3,1
547,320,2,RhodosB,3,8,15,1,2,8,7,1
587,320,2,RhodosB,3,27,17,1,0,0,3,1
587,320,0,AlexandriaB,32,8,-3,0,3,20,7,10
587,320,1,EphesosA,13,14,4,13,0,0,10,4
503,320,1,RhodosA,4,14,14,2,0,6,3,1
503,320,0,GizahA,18,6,0,10,8,5,3,6
503,320,2,AlexandriaB,5,23,4,0,0,0,0,1
535,320,1,AlexandriaA,2,32,4,13,0,0,3,0
535,320,2,EphesosA,17,19,17,2,0,2,3,5
535,320,0,RhodosA,19,4,-3,5,7,8,3,6
519,320,0,EphesosA,19,10,18,0,3,9,10,6
519,320,2,RhodosB,26,21,0,13,0,0,3,8
519,320,1,GizahA,0,24,0,2,1,0,8,0
557,320,1,AlexandriaA,12,24,13,9,0,0,10,4
557,320,0,RhodosA,3,16,11,0,0,15,10,1
557,320,2,EphesosB,15,9,-6,9,0,13,10,5
596,320,0,GizahB,16,6,-4,16,4,0,20,5
596,320,2,RhodosA,12,22,7,9,1,0,3,4
596,320,1,AlexandriaB,7,21,13,1,0,0,7,2
542,320,0,GizahB,7,13,2,1,7,7,20,2
542,320,2,RhodosB,30,13,12,4,0,4,3,10
542,320,1,EphesosA,11,15,4,8,0,0,10,3
536,320,0,AlexandriaA,38,15,-4,0,3,15,10,12
536,320,1,GizahB,2,13,8,10,0,0,13,0
536,320,2,EphesosA,3,14,8,5,2,0,10,1
512,320,1,AlexandriaB,7,25,12,1,0,0,7,2
512,320,2,RhodosA,11,23,0,16,3,0,0,3
512,320,0,GizahB,1,7,6,13,2,11,0,0
558,320,1,AlexandriaA,4,27,15,4,0,0,10,1
558,320,2,GizahA,6,26,5,13,0,0,3,2
558,320,0,RhodosA,14,0,-2,4,4,17,3,4
504,320,0,GizahA,15,15,-3,13,3,0,15,5
504,320,1,RhodosA,4,8,14,5,0,13,3,1
504,320,2,EphesosB,8,18,7,2,0,5,5,2
581,320,2,GizahB,5,27,0,9,0,7,8,1
581,320,1,AlexandriaB,15,14,7,9,0,7,7,5
581,320,0,RhodosB,20,3,9,10,6,6,7,6
569,320,0,EphesosB,26,6,16,10,3,3,2,8
569,320,2,RhodosA,6,27,8,5,0,0,0,2
569,320,1,AlexandriaB,5,16,-6,13,0,0,7,1
538,320,0,AlexandriaA,12,6,7,25,3,4,10,4
538,320,2,EphesosB,19,28,-4,2,4,5,10,6
538,320,1,RhodosA,12,13,11,5,4,0,3,4
597,320,2,EphesosA,9,18,14,8,2,7,3,3
597,320,0,GizahB,20,10,-3,4,2,9,20,6
597,320,1,AlexandriaB,7,19,7,2,0,6,7,2
556,320,1,GizahB,10,12,10,18,1,4,3,3
556,320,2,RhodosB,1,18,9,10,0,8,0,0
556,320,0,EphesosA,27,11,-3,1,5,8,10,9
524,320,1,GizahB,16,24,7,5,0,7,8,5
524,320,2,EphesosB,11,14,13,5,2,0,5,3
524,320,0,AlexandriaB,10,10,-4,2,0,7,7,3
505,320,1,AlexandriaA,25,28,-4,5,0,0,10,8
505,320,2,RhodosB,3,10,15,5,0,12,3,1
505,320,0,EphesosA,3,9,3,5,4,4,3,1
582,320,1,AlexandriaA,8,27,5,5,0,0,10,2
582,320,0,RhodosB,12,0,13,2,1,21,3,4
582,320,2,EphesosA,3,12,0,8,1,0,10,1
560,320,2,RhodosB,4,23,16,0,3,6,3,1
560,320,1,EphesosB,21,24,-5,10,0,3,10,7
560,320,0,GizahA,13,0,5,5,5,6,8,4
501,320,0,RhodosA,23,8,5,1,3,22,10,7
501,320,1,GizahA,0,16,8,13,0,4,8,0
501,320,2,EphesosA,0,26,1,9,0,0,3,0
594,320,2,EphesosB,13,23,11,9,0,4,2,4
594,320,0,RhodosB,12,12,12,4,4,3,7,4
594,320,1,AlexandriaA,12,7,-5,21,0,0,10,4
568,320,1,RhodosB,7,9,15,10,2,8,7,2
568,320,0,GizahB,29,13,-2,18,3,0,8,9
568,320,2,EphesosA,9,26,5,1,3,0,10,3
570,320,1,AlexandriaA,23,13,14,0,0,9,3,7
570,320,0,RhodosB,5,20,-1,13,3,7,3,1
570,320,2,GizahB,5,14,-1,10,0,4,8,1
598,320,0,GizahB,14,7,17,5,3,10,8,4
598,320,1,AlexandriaA,3,11,4,16,0,7,10,1
598,320,2,RhodosB,4,29,-3,2,2,0,0,1
518,320,1,AlexandriaA,4,12,8,18,0,5,10,1
518,320,0,RhodosA,18,12,8,2,2,12,0,6
518,320,2,EphesosB,8,23,-4,5,2,0,5,2
539,320,0,GizahA,23,15,6,0,5,8,15,7
539,320,1,EphesosB,20,20,-4,8,0,0,10,6
539,320,2,RhodosB,3,12,16,1,2,0,7,1
593,320,0,RhodosA,4,14,-1,18,0,15,3,1
593,320,2,AlexandriaA,11,20,10,4,1,0,10,3
593,320,1,GizahB,7,11,-1,5,3,7,13,2
502,320,0,GizahA,35,13,7,1,6,0,15,11
502,320,2,AlexandriaB,4,17,-4,13,0,11,7,1
502,320,1,EphesosB,5,15,13,4,1,0,10,1
599,320,1,AlexandriaA,1,0,14,33,0,0,3,0
599,320,2,RhodosB,10,29,3,4,0,0,7,3
599,320,0,EphesosB,21,20,1,1,3,0,10,7
583,320,0,EphesosB,14,29,-2,10,0,0,10,4
583,320,2,GizahA,3,10,10,5,1,1,8,1
583,320,1,RhodosA,10,12,4,13,0,0,3,3
554,320,0,GizahB,19,0,12,0,4,21,20,6
554,320,1,AlexandriaA,13,12,11,18,3,0,10,4
554,320,2,EphesosA,8,31,-5,4,0,0,10,2
595,320,0,EphesosA,21,18,6,1,2,6,10,7
595,320,1,RhodosA,2,19,2,18,0,6,3,0
595,320,2,GizahB,2,18,10,4,3,4,0,0
500,320,2,EphesosA,11,28,11,1,0,0,10,3
500,320,0,AlexandriaA,21,9,7,13,3,9,0,7
500,320,1,RhodosA,4,10,-4,21,1,0,3,1
561,320,2,EphesosB,3,21,9,5,0,0,10,1
561,320,0,AlexandriaA,30,11,-4,2,3,13,10,10
561,320,1,RhodosB,8,17,9,5,0,0,3,2
573,320,0,EphesosA,25,13,1,18,3,7,3,8
573,320,2,RhodosA,4,29,7,1,0,4,3,1
573,320,1,GizahB,5,5,8,10,0,0,13,1
553,320,0,EphesosB,23,11,-4,2,0,13,10,7
553,320,1,RhodosB,2,14,8,13,0,3,0,0
553,320,2,GizahB,8,15,8,10,0,0,0,2
555,320,0,GizahB,13,11,18,1,0,5,13,4
555,320,1,AlexandriaA,1,25,2,13,1,4,0,0
555,320,2,RhodosA,7,19,-4,10,1,0,3,2
550,320,0,AlexandriaB,19,8,18,0,5,3,7,6
550,320,1,GizahA,8,20,-3,4,2,5,8,2
550,320,2,RhodosB,0,22,-3,16,0,0,0,0
537,320,0,AlexandriaA,25,8,14,0,7,14,3,8
537,320,1,RhodosB,2,28,0,10,0,0,7,0
537,320,2,GizahA,6,2,2,20,0,0,15,2
559,320,0,EphesosA,16,5,18,2,4,14,3,5
559,320,1,AlexandriaA,11,22,2,2,0,0,3,3
559,320,2,GizahA,10,12,-4,5,0,0,15,3
551,320,0,AlexandriaB,13,20,5,5,0,12,7,4
551,320,1,EphesosA,4,5,10,13,2,4,10,1
551,320,2,GizahB,4,17,3,2,0,0,20,1
574,320,1,AlexandriaA,20,19,11,2,0,8,3,6
574,320,0,GizahA,23,5,-2,10,3,6,15,7
574,320,2,EphesosB,2,24,9,1,0,0,10,0
552,320,0,EphesosB,2,17,2,26,0,8,2,0
552,320,2,RhodosB,15,16,15,1,0,4,7,5
552,320,1,AlexandriaB,11,17,1,13,0,4,7,3
520,320,0,AlexandriaA,36,10,7,2,7,0,10,12
520,320,2,RhodosB,9,14,17,4,0,0,7,3
520,320,1,GizahB,6,14,-6,5,0,13,13,2
571,320,2,GizahB,5,16,3,16,2,4,13,1
571,320,1,AlexandriaA,3,20,7,9,0,0,10,1
571,320,0,EphesosB,32,5,8,1,5,3,10,10
572,320,0,EphesosA,4,14,18,10,3,3,3,1
572,320,1,AlexandriaB,5,24,-5,9,0,6,7,1
572,320,2,RhodosA,14,10,5,17,0,4,0,4
